"Date","sulfate","nitrate","ID"
"2001-01-01",NA,NA,302
"2001-01-02",NA,NA,302
"2001-01-03",NA,NA,302
"2001-01-04",NA,NA,302
"2001-01-05",NA,NA,302
"2001-01-06",NA,NA,302
"2001-01-07",4.78,6.12,302
"2001-01-08",NA,NA,302
"2001-01-09",NA,NA,302
"2001-01-10",NA,NA,302
"2001-01-11",NA,NA,302
"2001-01-12",NA,NA,302
"2001-01-13",NA,NA,302
"2001-01-14",NA,NA,302
"2001-01-15",NA,NA,302
"2001-01-16",NA,NA,302
"2001-01-17",NA,NA,302
"2001-01-18",NA,NA,302
"2001-01-19",4.46,4.01,302
"2001-01-20",NA,NA,302
"2001-01-21",NA,NA,302
"2001-01-22",NA,NA,302
"2001-01-23",NA,NA,302
"2001-01-24",NA,NA,302
"2001-01-25",1.83,3.59,302
"2001-01-26",NA,NA,302
"2001-01-27",NA,NA,302
"2001-01-28",NA,NA,302
"2001-01-29",NA,NA,302
"2001-01-30",NA,NA,302
"2001-01-31",2.83,4.8,302
"2001-02-01",NA,NA,302
"2001-02-02",NA,NA,302
"2001-02-03",NA,NA,302
"2001-02-04",NA,NA,302
"2001-02-05",NA,NA,302
"2001-02-06",3.22,2.74,302
"2001-02-07",NA,NA,302
"2001-02-08",NA,NA,302
"2001-02-09",NA,NA,302
"2001-02-10",NA,NA,302
"2001-02-11",NA,NA,302
"2001-02-12",NA,NA,302
"2001-02-13",NA,NA,302
"2001-02-14",NA,NA,302
"2001-02-15",NA,NA,302
"2001-02-16",NA,NA,302
"2001-02-17",NA,NA,302
"2001-02-18",NA,NA,302
"2001-02-19",NA,NA,302
"2001-02-20",NA,NA,302
"2001-02-21",NA,NA,302
"2001-02-22",NA,NA,302
"2001-02-23",NA,NA,302
"2001-02-24",1.56,1.23,302
"2001-02-25",NA,NA,302
"2001-02-26",NA,NA,302
"2001-02-27",NA,NA,302
"2001-02-28",NA,NA,302
"2001-03-01",NA,NA,302
"2001-03-02",0.174,0,302
"2001-03-03",NA,NA,302
"2001-03-04",NA,NA,302
"2001-03-05",3.87,7.69,302
"2001-03-06",NA,NA,302
"2001-03-07",NA,NA,302
"2001-03-08",2.06,4.22,302
"2001-03-09",NA,NA,302
"2001-03-10",NA,NA,302
"2001-03-11",4.35,1.44,302
"2001-03-12",NA,NA,302
"2001-03-13",NA,NA,302
"2001-03-14",2.34,0.882,302
"2001-03-15",NA,NA,302
"2001-03-16",NA,NA,302
"2001-03-17",1.4,3.5,302
"2001-03-18",NA,NA,302
"2001-03-19",NA,NA,302
"2001-03-20",0.716,2.01,302
"2001-03-21",NA,NA,302
"2001-03-22",NA,NA,302
"2001-03-23",1.85,0.456,302
"2001-03-24",NA,NA,302
"2001-03-25",NA,NA,302
"2001-03-26",NA,NA,302
"2001-03-27",NA,NA,302
"2001-03-28",NA,NA,302
"2001-03-29",3.18,2.71,302
"2001-03-30",NA,NA,302
"2001-03-31",NA,NA,302
"2001-04-01",1.88,1.1,302
"2001-04-02",NA,NA,302
"2001-04-03",NA,NA,302
"2001-04-04",NA,NA,302
"2001-04-05",NA,NA,302
"2001-04-06",NA,NA,302
"2001-04-07",2.24,5.21,302
"2001-04-08",NA,NA,302
"2001-04-09",NA,NA,302
"2001-04-10",1.07,1.3,302
"2001-04-11",NA,NA,302
"2001-04-12",NA,NA,302
"2001-04-13",2.16,0.847,302
"2001-04-14",NA,NA,302
"2001-04-15",NA,NA,302
"2001-04-16",1.31,1.29,302
"2001-04-17",NA,NA,302
"2001-04-18",NA,NA,302
"2001-04-19",1.19,0.246,302
"2001-04-20",NA,NA,302
"2001-04-21",NA,NA,302
"2001-04-22",3.75,3.13,302
"2001-04-23",NA,NA,302
"2001-04-24",NA,NA,302
"2001-04-25",1.8,0.385,302
"2001-04-26",NA,NA,302
"2001-04-27",NA,NA,302
"2001-04-28",1.1,0.251,302
"2001-04-29",NA,NA,302
"2001-04-30",NA,NA,302
"2001-05-01",3.19,0.95,302
"2001-05-02",NA,NA,302
"2001-05-03",NA,NA,302
"2001-05-04",6.91,0.665,302
"2001-05-05",NA,NA,302
"2001-05-06",NA,NA,302
"2001-05-07",0.994,0.684,302
"2001-05-08",NA,NA,302
"2001-05-09",NA,NA,302
"2001-05-10",2.92,0.722,302
"2001-05-11",NA,NA,302
"2001-05-12",NA,NA,302
"2001-05-13",0.805,0.392,302
"2001-05-14",NA,NA,302
"2001-05-15",NA,NA,302
"2001-05-16",1.08,0.805,302
"2001-05-17",NA,NA,302
"2001-05-18",NA,NA,302
"2001-05-19",3.87,2.4,302
"2001-05-20",NA,NA,302
"2001-05-21",NA,NA,302
"2001-05-22",1.78,0.417,302
"2001-05-23",NA,NA,302
"2001-05-24",NA,NA,302
"2001-05-25",1.63,0.51,302
"2001-05-26",NA,NA,302
"2001-05-27",NA,NA,302
"2001-05-28",3.01,0.827,302
"2001-05-29",NA,NA,302
"2001-05-30",NA,NA,302
"2001-05-31",0.491,0.2,302
"2001-06-01",NA,NA,302
"2001-06-02",NA,NA,302
"2001-06-03",1.43,0.547,302
"2001-06-04",NA,NA,302
"2001-06-05",NA,NA,302
"2001-06-06",0.561,0.187,302
"2001-06-07",NA,NA,302
"2001-06-08",NA,NA,302
"2001-06-09",0.926,0.364,302
"2001-06-10",NA,NA,302
"2001-06-11",NA,NA,302
"2001-06-12",3.89,1.48,302
"2001-06-13",NA,NA,302
"2001-06-14",NA,NA,302
"2001-06-15",15.4,1.93,302
"2001-06-16",NA,NA,302
"2001-06-17",NA,NA,302
"2001-06-18",1.82,0.238,302
"2001-06-19",NA,NA,302
"2001-06-20",NA,NA,302
"2001-06-21",1.55,0.476,302
"2001-06-22",NA,NA,302
"2001-06-23",NA,NA,302
"2001-06-24",1.08,0.372,302
"2001-06-25",NA,NA,302
"2001-06-26",NA,NA,302
"2001-06-27",8.49,0.285,302
"2001-06-28",NA,NA,302
"2001-06-29",NA,NA,302
"2001-06-30",13.5,0.979,302
"2001-07-01",NA,NA,302
"2001-07-02",NA,NA,302
"2001-07-03",NA,NA,302
"2001-07-04",NA,NA,302
"2001-07-05",NA,NA,302
"2001-07-06",NA,NA,302
"2001-07-07",NA,NA,302
"2001-07-08",NA,NA,302
"2001-07-09",6.96,1.02,302
"2001-07-10",NA,NA,302
"2001-07-11",NA,NA,302
"2001-07-12",0.519,0.122,302
"2001-07-13",NA,NA,302
"2001-07-14",NA,NA,302
"2001-07-15",0.508,0.11,302
"2001-07-16",NA,NA,302
"2001-07-17",NA,NA,302
"2001-07-18",1.56,0.457,302
"2001-07-19",NA,NA,302
"2001-07-20",NA,NA,302
"2001-07-21",1.4,0.274,302
"2001-07-22",NA,NA,302
"2001-07-23",NA,NA,302
"2001-07-24",18.8,0.284,302
"2001-07-25",NA,NA,302
"2001-07-26",NA,NA,302
"2001-07-27",0.882,0.36,302
"2001-07-28",NA,NA,302
"2001-07-29",NA,NA,302
"2001-07-30",2.92,0.331,302
"2001-07-31",NA,NA,302
"2001-08-01",NA,NA,302
"2001-08-02",8.6,0.383,302
"2001-08-03",NA,NA,302
"2001-08-04",NA,NA,302
"2001-08-05",1.31,0.299,302
"2001-08-06",NA,NA,302
"2001-08-07",NA,NA,302
"2001-08-08",1.67,0.191,302
"2001-08-09",NA,NA,302
"2001-08-10",NA,NA,302
"2001-08-11",0.34,0.14,302
"2001-08-12",NA,NA,302
"2001-08-13",NA,NA,302
"2001-08-14",0.719,0.183,302
"2001-08-15",NA,NA,302
"2001-08-16",NA,NA,302
"2001-08-17",5.31,0.75,302
"2001-08-18",NA,NA,302
"2001-08-19",NA,NA,302
"2001-08-20",4.91,0.917,302
"2001-08-21",NA,NA,302
"2001-08-22",NA,NA,302
"2001-08-23",3.74,0.603,302
"2001-08-24",NA,NA,302
"2001-08-25",NA,NA,302
"2001-08-26",4.84,0.296,302
"2001-08-27",NA,NA,302
"2001-08-28",NA,NA,302
"2001-08-29",0.759,0.227,302
"2001-08-30",NA,NA,302
"2001-08-31",NA,NA,302
"2001-09-01",0.584,0.0922,302
"2001-09-02",NA,NA,302
"2001-09-03",NA,NA,302
"2001-09-04",NA,NA,302
"2001-09-05",NA,NA,302
"2001-09-06",NA,NA,302
"2001-09-07",1.35,0.421,302
"2001-09-08",NA,NA,302
"2001-09-09",NA,NA,302
"2001-09-10",3.32,0.358,302
"2001-09-11",NA,NA,302
"2001-09-12",NA,NA,302
"2001-09-13",1.14,0.196,302
"2001-09-14",NA,NA,302
"2001-09-15",NA,NA,302
"2001-09-16",NA,NA,302
"2001-09-17",NA,NA,302
"2001-09-18",NA,NA,302
"2001-09-19",NA,NA,302
"2001-09-20",NA,NA,302
"2001-09-21",NA,NA,302
"2001-09-22",5.3,1.32,302
"2001-09-23",NA,NA,302
"2001-09-24",NA,NA,302
"2001-09-25",NA,NA,302
"2001-09-26",NA,NA,302
"2001-09-27",NA,NA,302
"2001-09-28",1,1.08,302
"2001-09-29",NA,NA,302
"2001-09-30",NA,NA,302
"2001-10-01",0.525,0.555,302
"2001-10-02",NA,NA,302
"2001-10-03",NA,NA,302
"2001-10-04",7.42,0.565,302
"2001-10-05",NA,NA,302
"2001-10-06",NA,NA,302
"2001-10-07",0.332,0.14,302
"2001-10-08",NA,NA,302
"2001-10-09",NA,NA,302
"2001-10-10",2.17,0.464,302
"2001-10-11",NA,NA,302
"2001-10-12",NA,NA,302
"2001-10-13",4.06,2.03,302
"2001-10-14",NA,NA,302
"2001-10-15",NA,NA,302
"2001-10-16",1.99,0.465,302
"2001-10-17",NA,NA,302
"2001-10-18",NA,NA,302
"2001-10-19",1.4,0.363,302
"2001-10-20",NA,NA,302
"2001-10-21",NA,NA,302
"2001-10-22",1.71,0.983,302
"2001-10-23",NA,NA,302
"2001-10-24",NA,NA,302
"2001-10-25",1.55,0.869,302
"2001-10-26",NA,NA,302
"2001-10-27",NA,NA,302
"2001-10-28",0.363,0.456,302
"2001-10-29",NA,NA,302
"2001-10-30",NA,NA,302
"2001-10-31",0.868,1.22,302
"2001-11-01",NA,NA,302
"2001-11-02",NA,NA,302
"2001-11-03",1.65,0.604,302
"2001-11-04",NA,NA,302
"2001-11-05",NA,NA,302
"2001-11-06",0.83,0.507,302
"2001-11-07",NA,NA,302
"2001-11-08",NA,NA,302
"2001-11-09",0.965,0.456,302
"2001-11-10",NA,NA,302
"2001-11-11",NA,NA,302
"2001-11-12",0.581,0.244,302
"2001-11-13",NA,NA,302
"2001-11-14",NA,NA,302
"2001-11-15",5.72,5.12,302
"2001-11-16",NA,NA,302
"2001-11-17",NA,NA,302
"2001-11-18",1.15,1.18,302
"2001-11-19",NA,NA,302
"2001-11-20",NA,NA,302
"2001-11-21",NA,NA,302
"2001-11-22",NA,NA,302
"2001-11-23",NA,NA,302
"2001-11-24",NA,NA,302
"2001-11-25",NA,NA,302
"2001-11-26",NA,NA,302
"2001-11-27",NA,NA,302
"2001-11-28",NA,NA,302
"2001-11-29",NA,NA,302
"2001-11-30",NA,NA,302
"2001-12-01",NA,NA,302
"2001-12-02",NA,NA,302
"2001-12-03",NA,NA,302
"2001-12-04",NA,NA,302
"2001-12-05",NA,NA,302
"2001-12-06",NA,NA,302
"2001-12-07",NA,NA,302
"2001-12-08",NA,NA,302
"2001-12-09",NA,NA,302
"2001-12-10",NA,NA,302
"2001-12-11",NA,NA,302
"2001-12-12",3.9,6.27,302
"2001-12-13",NA,NA,302
"2001-12-14",NA,NA,302
"2001-12-15",NA,NA,302
"2001-12-16",NA,NA,302
"2001-12-17",NA,NA,302
"2001-12-18",1.94,3.57,302
"2001-12-19",NA,NA,302
"2001-12-20",NA,NA,302
"2001-12-21",0.718,0.419,302
"2001-12-22",NA,NA,302
"2001-12-23",NA,NA,302
"2001-12-24",2.2,4.88,302
"2001-12-25",NA,NA,302
"2001-12-26",NA,NA,302
"2001-12-27",2.63,2.56,302
"2001-12-28",NA,NA,302
"2001-12-29",NA,NA,302
"2001-12-30",NA,0.755,302
"2001-12-31",NA,NA,302
"2002-01-01",NA,NA,302
"2002-01-02",NA,NA,302
"2002-01-03",NA,NA,302
"2002-01-04",NA,NA,302
"2002-01-05",2.89,7.75,302
"2002-01-06",NA,NA,302
"2002-01-07",NA,NA,302
"2002-01-08",NA,NA,302
"2002-01-09",NA,NA,302
"2002-01-10",NA,NA,302
"2002-01-11",NA,NA,302
"2002-01-12",NA,NA,302
"2002-01-13",NA,NA,302
"2002-01-14",NA,NA,302
"2002-01-15",NA,NA,302
"2002-01-16",NA,NA,302
"2002-01-17",2.03,2.13,302
"2002-01-18",NA,NA,302
"2002-01-19",NA,NA,302
"2002-01-20",3.16,5.01,302
"2002-01-21",NA,NA,302
"2002-01-22",NA,NA,302
"2002-01-23",2.1,3,302
"2002-01-24",NA,NA,302
"2002-01-25",NA,NA,302
"2002-01-26",1.53,2.93,302
"2002-01-27",NA,NA,302
"2002-01-28",NA,NA,302
"2002-01-29",3.47,8.83,302
"2002-01-30",NA,NA,302
"2002-01-31",NA,NA,302
"2002-02-01",0.953,0.616,302
"2002-02-02",NA,NA,302
"2002-02-03",NA,NA,302
"2002-02-04",2.9,3.66,302
"2002-02-05",NA,NA,302
"2002-02-06",NA,NA,302
"2002-02-07",3.41,6.38,302
"2002-02-08",NA,NA,302
"2002-02-09",NA,NA,302
"2002-02-10",1.71,0.913,302
"2002-02-11",NA,NA,302
"2002-02-12",NA,NA,302
"2002-02-13",0.727,0.389,302
"2002-02-14",NA,NA,302
"2002-02-15",NA,NA,302
"2002-02-16",2.34,3.5,302
"2002-02-17",NA,NA,302
"2002-02-18",NA,NA,302
"2002-02-19",1.04,2.74,302
"2002-02-20",NA,NA,302
"2002-02-21",NA,NA,302
"2002-02-22",1.28,1.26,302
"2002-02-23",NA,NA,302
"2002-02-24",NA,NA,302
"2002-02-25",1.98,2.77,302
"2002-02-26",NA,NA,302
"2002-02-27",NA,NA,302
"2002-02-28",1.05,0.273,302
"2002-03-01",NA,NA,302
"2002-03-02",NA,NA,302
"2002-03-03",2.17,0.519,302
"2002-03-04",NA,NA,302
"2002-03-05",NA,NA,302
"2002-03-06",4.14,5.21,302
"2002-03-07",NA,NA,302
"2002-03-08",NA,NA,302
"2002-03-09",4.42,0.99,302
"2002-03-10",NA,NA,302
"2002-03-11",NA,NA,302
"2002-03-12",3.66,2.94,302
"2002-03-13",NA,NA,302
"2002-03-14",NA,NA,302
"2002-03-15",3.47,2.04,302
"2002-03-16",NA,NA,302
"2002-03-17",NA,NA,302
"2002-03-18",1.71,1.36,302
"2002-03-19",NA,NA,302
"2002-03-20",NA,NA,302
"2002-03-21",NA,0.848,302
"2002-03-22",NA,NA,302
"2002-03-23",NA,NA,302
"2002-03-24",1.81,0.378,302
"2002-03-25",NA,NA,302
"2002-03-26",NA,NA,302
"2002-03-27",1.81,0.733,302
"2002-03-28",NA,NA,302
"2002-03-29",NA,NA,302
"2002-03-30",3.27,0.816,302
"2002-03-31",NA,NA,302
"2002-04-01",NA,NA,302
"2002-04-02",NA,1.31,302
"2002-04-03",NA,NA,302
"2002-04-04",NA,NA,302
"2002-04-05",1.36,0.563,302
"2002-04-06",NA,NA,302
"2002-04-07",NA,NA,302
"2002-04-08",3.13,3.08,302
"2002-04-09",NA,NA,302
"2002-04-10",NA,NA,302
"2002-04-11",2.83,0.82,302
"2002-04-12",NA,NA,302
"2002-04-13",NA,NA,302
"2002-04-14",2.67,1.91,302
"2002-04-15",NA,NA,302
"2002-04-16",NA,NA,302
"2002-04-17",NA,NA,302
"2002-04-18",NA,NA,302
"2002-04-19",NA,NA,302
"2002-04-20",0.977,0.222,302
"2002-04-21",NA,NA,302
"2002-04-22",NA,NA,302
"2002-04-23",1.53,1.15,302
"2002-04-24",NA,NA,302
"2002-04-25",NA,NA,302
"2002-04-26",1.6,0.363,302
"2002-04-27",NA,NA,302
"2002-04-28",NA,NA,302
"2002-04-29",1.14,1.08,302
"2002-04-30",NA,NA,302
"2002-05-01",NA,NA,302
"2002-05-02",1.97,0.615,302
"2002-05-03",NA,NA,302
"2002-05-04",NA,NA,302
"2002-05-05",2,0.352,302
"2002-05-06",NA,NA,302
"2002-05-07",NA,NA,302
"2002-05-08",1.07,1.14,302
"2002-05-09",NA,NA,302
"2002-05-10",NA,NA,302
"2002-05-11",1.08,0.212,302
"2002-05-12",NA,NA,302
"2002-05-13",NA,NA,302
"2002-05-14",0.189,0.155,302
"2002-05-15",NA,NA,302
"2002-05-16",NA,NA,302
"2002-05-17",1.2,0.268,302
"2002-05-18",NA,NA,302
"2002-05-19",NA,NA,302
"2002-05-20",0.542,0.136,302
"2002-05-21",NA,NA,302
"2002-05-22",NA,NA,302
"2002-05-23",3.8,0.352,302
"2002-05-24",NA,NA,302
"2002-05-25",NA,NA,302
"2002-05-26",2.48,0.64,302
"2002-05-27",NA,NA,302
"2002-05-28",NA,NA,302
"2002-05-29",9.35,0.938,302
"2002-05-30",NA,NA,302
"2002-05-31",NA,NA,302
"2002-06-01",1.37,0.255,302
"2002-06-02",NA,NA,302
"2002-06-03",NA,NA,302
"2002-06-04",1.25,0.839,302
"2002-06-05",NA,NA,302
"2002-06-06",NA,NA,302
"2002-06-07",0.903,0.291,302
"2002-06-08",NA,NA,302
"2002-06-09",NA,NA,302
"2002-06-10",NA,0.22,302
"2002-06-11",NA,NA,302
"2002-06-12",NA,NA,302
"2002-06-13",1.19,0.733,302
"2002-06-14",NA,NA,302
"2002-06-15",NA,NA,302
"2002-06-16",1.18,0.197,302
"2002-06-17",NA,NA,302
"2002-06-18",NA,NA,302
"2002-06-19",NA,NA,302
"2002-06-20",NA,NA,302
"2002-06-21",NA,NA,302
"2002-06-22",10.2,2.07,302
"2002-06-23",NA,NA,302
"2002-06-24",NA,NA,302
"2002-06-25",0.447,0.282,302
"2002-06-26",NA,NA,302
"2002-06-27",NA,NA,302
"2002-06-28",1.49,0.619,302
"2002-06-29",NA,NA,302
"2002-06-30",NA,NA,302
"2002-07-01",12,0.472,302
"2002-07-02",NA,NA,302
"2002-07-03",NA,NA,302
"2002-07-04",NA,0.697,302
"2002-07-05",NA,NA,302
"2002-07-06",NA,NA,302
"2002-07-07",NA,NA,302
"2002-07-08",NA,NA,302
"2002-07-09",NA,NA,302
"2002-07-10",NA,NA,302
"2002-07-11",NA,NA,302
"2002-07-12",NA,NA,302
"2002-07-13",2.34,0.323,302
"2002-07-14",NA,NA,302
"2002-07-15",NA,NA,302
"2002-07-16",1.01,0.684,302
"2002-07-17",NA,NA,302
"2002-07-18",NA,NA,302
"2002-07-19",0.644,0.502,302
"2002-07-20",NA,NA,302
"2002-07-21",NA,NA,302
"2002-07-22",10.5,0.587,302
"2002-07-23",NA,NA,302
"2002-07-24",NA,NA,302
"2002-07-25",0.478,0.36,302
"2002-07-26",NA,NA,302
"2002-07-27",NA,NA,302
"2002-07-28",15.6,0.542,302
"2002-07-29",NA,NA,302
"2002-07-30",NA,NA,302
"2002-07-31",1.34,0.18,302
"2002-08-01",NA,NA,302
"2002-08-02",NA,NA,302
"2002-08-03",NA,NA,302
"2002-08-04",NA,NA,302
"2002-08-05",NA,NA,302
"2002-08-06",NA,NA,302
"2002-08-07",NA,NA,302
"2002-08-08",NA,NA,302
"2002-08-09",NA,0.195,302
"2002-08-10",NA,NA,302
"2002-08-11",NA,NA,302
"2002-08-12",18.1,0.543,302
"2002-08-13",NA,NA,302
"2002-08-14",NA,NA,302
"2002-08-15",14,0.955,302
"2002-08-16",NA,NA,302
"2002-08-17",NA,NA,302
"2002-08-18",7.29,0.377,302
"2002-08-19",NA,NA,302
"2002-08-20",NA,NA,302
"2002-08-21",0.504,0.194,302
"2002-08-22",NA,NA,302
"2002-08-23",NA,NA,302
"2002-08-24",0.834,0.337,302
"2002-08-25",NA,NA,302
"2002-08-26",NA,NA,302
"2002-08-27",NA,NA,302
"2002-08-28",NA,NA,302
"2002-08-29",NA,NA,302
"2002-08-30",0.702,0.366,302
"2002-08-31",NA,NA,302
"2002-09-01",NA,NA,302
"2002-09-02",1.18,0.76,302
"2002-09-03",NA,NA,302
"2002-09-04",NA,NA,302
"2002-09-05",0.441,0.162,302
"2002-09-06",NA,NA,302
"2002-09-07",NA,NA,302
"2002-09-08",2.81,0.294,302
"2002-09-09",NA,NA,302
"2002-09-10",NA,NA,302
"2002-09-11",3.58,0.236,302
"2002-09-12",NA,NA,302
"2002-09-13",NA,NA,302
"2002-09-14",5.03,0.531,302
"2002-09-15",NA,NA,302
"2002-09-16",NA,NA,302
"2002-09-17",1.56,0.8,302
"2002-09-18",NA,NA,302
"2002-09-19",NA,NA,302
"2002-09-20",8.33,0.862,302
"2002-09-21",NA,NA,302
"2002-09-22",NA,NA,302
"2002-09-23",0.948,0.204,302
"2002-09-24",NA,NA,302
"2002-09-25",NA,NA,302
"2002-09-26",2.57,0.653,302
"2002-09-27",NA,NA,302
"2002-09-28",NA,NA,302
"2002-09-29",0.705,0.252,302
"2002-09-30",NA,NA,302
"2002-10-01",NA,NA,302
"2002-10-02",10.2,0.707,302
"2002-10-03",NA,NA,302
"2002-10-04",NA,NA,302
"2002-10-05",2.48,0.208,302
"2002-10-06",NA,NA,302
"2002-10-07",NA,NA,302
"2002-10-08",0.503,0.312,302
"2002-10-09",NA,NA,302
"2002-10-10",NA,NA,302
"2002-10-11",3.28,1.28,302
"2002-10-12",NA,NA,302
"2002-10-13",NA,NA,302
"2002-10-14",0.428,0.202,302
"2002-10-15",NA,NA,302
"2002-10-16",NA,NA,302
"2002-10-17",0.567,0.494,302
"2002-10-18",NA,NA,302
"2002-10-19",NA,NA,302
"2002-10-20",1.18,0.255,302
"2002-10-21",NA,NA,302
"2002-10-22",NA,NA,302
"2002-10-23",0.723,0.609,302
"2002-10-24",NA,NA,302
"2002-10-25",NA,NA,302
"2002-10-26",0.96,1.08,302
"2002-10-27",NA,NA,302
"2002-10-28",NA,NA,302
"2002-10-29",1.12,0.628,302
"2002-10-30",NA,NA,302
"2002-10-31",NA,NA,302
"2002-11-01",1.3,1.25,302
"2002-11-02",NA,NA,302
"2002-11-03",NA,NA,302
"2002-11-04",2.14,2.79,302
"2002-11-05",NA,NA,302
"2002-11-06",NA,NA,302
"2002-11-07",1.3,0.536,302
"2002-11-08",NA,NA,302
"2002-11-09",NA,NA,302
"2002-11-10",4.46,1.43,302
"2002-11-11",NA,NA,302
"2002-11-12",NA,NA,302
"2002-11-13",2.02,3.59,302
"2002-11-14",NA,NA,302
"2002-11-15",NA,NA,302
"2002-11-16",0.773,0.676,302
"2002-11-17",NA,NA,302
"2002-11-18",NA,NA,302
"2002-11-19",1.64,1.01,302
"2002-11-20",NA,NA,302
"2002-11-21",NA,NA,302
"2002-11-22",3.35,5.66,302
"2002-11-23",NA,NA,302
"2002-11-24",NA,NA,302
"2002-11-25",0.915,0.779,302
"2002-11-26",NA,NA,302
"2002-11-27",NA,NA,302
"2002-11-28",1.39,0.809,302
"2002-11-29",NA,NA,302
"2002-11-30",NA,NA,302
"2002-12-01",0.808,0.257,302
"2002-12-02",NA,NA,302
"2002-12-03",NA,NA,302
"2002-12-04",1.22,0.913,302
"2002-12-05",NA,NA,302
"2002-12-06",NA,NA,302
"2002-12-07",4.94,5.21,302
"2002-12-08",NA,NA,302
"2002-12-09",NA,NA,302
"2002-12-10",2.22,4.12,302
"2002-12-11",NA,NA,302
"2002-12-12",NA,NA,302
"2002-12-13",3.22,6.01,302
"2002-12-14",NA,NA,302
"2002-12-15",NA,NA,302
"2002-12-16",1.2,0.81,302
"2002-12-17",NA,NA,302
"2002-12-18",NA,NA,302
"2002-12-19",2.17,3.75,302
"2002-12-20",NA,NA,302
"2002-12-21",NA,NA,302
"2002-12-22",2.82,1.1,302
"2002-12-23",NA,NA,302
"2002-12-24",NA,NA,302
"2002-12-25",NA,NA,302
"2002-12-26",NA,NA,302
"2002-12-27",NA,NA,302
"2002-12-28",5,3.11,302
"2002-12-29",NA,NA,302
"2002-12-30",NA,NA,302
"2002-12-31",3.52,2.81,302
"2003-01-01",NA,NA,302
"2003-01-02",NA,NA,302
"2003-01-03",1.2,0.996,302
"2003-01-04",NA,NA,302
"2003-01-05",NA,NA,302
"2003-01-06",2.67,4.16,302
"2003-01-07",NA,NA,302
"2003-01-08",NA,NA,302
"2003-01-09",0.97,1.33,302
"2003-01-10",NA,NA,302
"2003-01-11",NA,NA,302
"2003-01-12",0.818,0.478,302
"2003-01-13",NA,NA,302
"2003-01-14",NA,NA,302
"2003-01-15",1.33,3.65,302
"2003-01-16",NA,NA,302
"2003-01-17",NA,NA,302
"2003-01-18",1.27,1.97,302
"2003-01-19",NA,NA,302
"2003-01-20",NA,NA,302
"2003-01-21",0.745,0.303,302
"2003-01-22",NA,NA,302
"2003-01-23",NA,NA,302
"2003-01-24",1.45,1.57,302
"2003-01-25",NA,NA,302
"2003-01-26",NA,NA,302
"2003-01-27",1.19,0.851,302
"2003-01-28",NA,NA,302
"2003-01-29",NA,NA,302
"2003-01-30",4.24,5.21,302
"2003-01-31",NA,NA,302
"2003-02-01",NA,NA,302
"2003-02-02",4.33,5.42,302
"2003-02-03",NA,NA,302
"2003-02-04",NA,NA,302
"2003-02-05",0.757,0.222,302
"2003-02-06",NA,NA,302
"2003-02-07",NA,NA,302
"2003-02-08",1.79,1.97,302
"2003-02-09",NA,NA,302
"2003-02-10",NA,NA,302
"2003-02-11",0.97,0.637,302
"2003-02-12",NA,NA,302
"2003-02-13",NA,NA,302
"2003-02-14",1.66,1.32,302
"2003-02-15",NA,NA,302
"2003-02-16",NA,NA,302
"2003-02-17",2.13,4.1,302
"2003-02-18",NA,NA,302
"2003-02-19",NA,NA,302
"2003-02-20",3.23,1.65,302
"2003-02-21",NA,NA,302
"2003-02-22",NA,NA,302
"2003-02-23",1.23,1.54,302
"2003-02-24",NA,NA,302
"2003-02-25",NA,NA,302
"2003-02-26",2.57,1.76,302
"2003-02-27",NA,NA,302
"2003-02-28",NA,NA,302
"2003-03-01",NA,NA,302
"2003-03-02",NA,NA,302
"2003-03-03",NA,NA,302
"2003-03-04",2.52,2,302
"2003-03-05",NA,NA,302
"2003-03-06",NA,NA,302
"2003-03-07",1.67,1.72,302
"2003-03-08",NA,NA,302
"2003-03-09",NA,NA,302
"2003-03-10",1.77,0.636,302
"2003-03-11",NA,NA,302
"2003-03-12",NA,NA,302
"2003-03-13",1.77,1.37,302
"2003-03-14",NA,NA,302
"2003-03-15",NA,NA,302
"2003-03-16",6.5,8.8,302
"2003-03-17",NA,NA,302
"2003-03-18",NA,NA,302
"2003-03-19",1.14,1.97,302
"2003-03-20",NA,NA,302
"2003-03-21",NA,NA,302
"2003-03-22",2.58,8.63,302
"2003-03-23",NA,NA,302
"2003-03-24",NA,NA,302
"2003-03-25",6.46,4.92,302
"2003-03-26",NA,NA,302
"2003-03-27",NA,NA,302
"2003-03-28",3.04,1.4,302
"2003-03-29",NA,NA,302
"2003-03-30",NA,NA,302
"2003-03-31",NA,NA,302
"2003-04-01",NA,NA,302
"2003-04-02",NA,NA,302
"2003-04-03",1.92,2.25,302
"2003-04-04",NA,NA,302
"2003-04-05",NA,NA,302
"2003-04-06",1.08,0.244,302
"2003-04-07",NA,NA,302
"2003-04-08",NA,NA,302
"2003-04-09",3.58,7.97,302
"2003-04-10",NA,NA,302
"2003-04-11",NA,NA,302
"2003-04-12",1.7,1.59,302
"2003-04-13",NA,NA,302
"2003-04-14",NA,NA,302
"2003-04-15",4.13,1.54,302
"2003-04-16",NA,NA,302
"2003-04-17",NA,NA,302
"2003-04-18",1.85,0.888,302
"2003-04-19",NA,NA,302
"2003-04-20",NA,NA,302
"2003-04-21",1.49,1.08,302
"2003-04-22",NA,NA,302
"2003-04-23",NA,NA,302
"2003-04-24",0.717,0.298,302
"2003-04-25",NA,NA,302
"2003-04-26",NA,NA,302
"2003-04-27",2.87,1.74,302
"2003-04-28",NA,NA,302
"2003-04-29",NA,NA,302
"2003-04-30",1.45,0.327,302
"2003-05-01",NA,NA,302
"2003-05-02",NA,NA,302
"2003-05-03",1.08,1.61,302
"2003-05-04",NA,NA,302
"2003-05-05",NA,NA,302
"2003-05-06",1.5,0.905,302
"2003-05-07",NA,NA,302
"2003-05-08",NA,NA,302
"2003-05-09",1.43,2.68,302
"2003-05-10",NA,NA,302
"2003-05-11",NA,NA,302
"2003-05-12",0.679,0.407,302
"2003-05-13",NA,NA,302
"2003-05-14",NA,NA,302
"2003-05-15",1.64,1.01,302
"2003-05-16",NA,NA,302
"2003-05-17",NA,NA,302
"2003-05-18",1.97,0.476,302
"2003-05-19",NA,NA,302
"2003-05-20",NA,NA,302
"2003-05-21",1.01,0.953,302
"2003-05-22",NA,NA,302
"2003-05-23",NA,NA,302
"2003-05-24",0.321,0.472,302
"2003-05-25",NA,NA,302
"2003-05-26",NA,NA,302
"2003-05-27",0.861,0.429,302
"2003-05-28",NA,NA,302
"2003-05-29",NA,NA,302
"2003-05-30",0.757,0.217,302
"2003-05-31",NA,NA,302
"2003-06-01",NA,NA,302
"2003-06-02",NA,NA,302
"2003-06-03",NA,NA,302
"2003-06-04",NA,NA,302
"2003-06-05",1.6,1.28,302
"2003-06-06",NA,NA,302
"2003-06-07",NA,NA,302
"2003-06-08",2.47,0.392,302
"2003-06-09",NA,NA,302
"2003-06-10",NA,NA,302
"2003-06-11",4.11,0.812,302
"2003-06-12",NA,NA,302
"2003-06-13",NA,NA,302
"2003-06-14",1.01,0.646,302
"2003-06-15",NA,NA,302
"2003-06-16",NA,NA,302
"2003-06-17",1.78,0.635,302
"2003-06-18",NA,NA,302
"2003-06-19",NA,NA,302
"2003-06-20",0.605,0.716,302
"2003-06-21",NA,NA,302
"2003-06-22",NA,NA,302
"2003-06-23",1.31,0.73,302
"2003-06-24",NA,NA,302
"2003-06-25",NA,NA,302
"2003-06-26",14.2,0.747,302
"2003-06-27",NA,NA,302
"2003-06-28",6.83,0.454,302
"2003-06-29",NA,NA,302
"2003-06-30",NA,NA,302
"2003-07-01",NA,NA,302
"2003-07-02",1.33,0.314,302
"2003-07-03",NA,NA,302
"2003-07-04",NA,NA,302
"2003-07-05",7.39,0.534,302
"2003-07-06",NA,NA,302
"2003-07-07",NA,NA,302
"2003-07-08",5.99,1.17,302
"2003-07-09",NA,NA,302
"2003-07-10",NA,NA,302
"2003-07-11",0.983,0.219,302
"2003-07-12",NA,NA,302
"2003-07-13",NA,NA,302
"2003-07-14",0.731,0.16,302
"2003-07-15",NA,NA,302
"2003-07-16",NA,NA,302
"2003-07-17",1.19,0.0888,302
"2003-07-18",NA,NA,302
"2003-07-19",NA,NA,302
"2003-07-20",1.17,0.166,302
"2003-07-21",NA,NA,302
"2003-07-22",NA,NA,302
"2003-07-23",1.86,1.28,302
"2003-07-24",NA,NA,302
"2003-07-25",NA,NA,302
"2003-07-26",8.32,0.206,302
"2003-07-27",NA,NA,302
"2003-07-28",NA,NA,302
"2003-07-29",NA,0.162,302
"2003-07-30",NA,NA,302
"2003-07-31",NA,NA,302
"2003-08-01",0.998,0.375,302
"2003-08-02",NA,NA,302
"2003-08-03",NA,NA,302
"2003-08-04",2.75,0.414,302
"2003-08-05",NA,NA,302
"2003-08-06",NA,NA,302
"2003-08-07",11.1,0.728,302
"2003-08-08",NA,NA,302
"2003-08-09",NA,NA,302
"2003-08-10",3.03,0.207,302
"2003-08-11",NA,NA,302
"2003-08-12",NA,NA,302
"2003-08-13",0.992,0.288,302
"2003-08-14",NA,NA,302
"2003-08-15",NA,NA,302
"2003-08-16",5.1,0.242,302
"2003-08-17",NA,NA,302
"2003-08-18",NA,NA,302
"2003-08-19",0.952,0.262,302
"2003-08-20",NA,NA,302
"2003-08-21",NA,NA,302
"2003-08-22",NA,0.269,302
"2003-08-23",NA,NA,302
"2003-08-24",NA,NA,302
"2003-08-25",0.996,0.467,302
"2003-08-26",NA,NA,302
"2003-08-27",NA,NA,302
"2003-08-28",0.595,0.131,302
"2003-08-29",NA,NA,302
"2003-08-30",NA,NA,302
"2003-08-31",0.499,0.238,302
"2003-09-01",NA,NA,302
"2003-09-02",NA,NA,302
"2003-09-03",1.91,0.247,302
"2003-09-04",NA,NA,302
"2003-09-05",NA,NA,302
"2003-09-06",0.559,0.179,302
"2003-09-07",NA,NA,302
"2003-09-08",NA,NA,302
"2003-09-09",0.432,0.275,302
"2003-09-10",NA,NA,302
"2003-09-11",NA,NA,302
"2003-09-12",2.25,0.385,302
"2003-09-13",NA,NA,302
"2003-09-14",NA,NA,302
"2003-09-15",0.985,0.288,302
"2003-09-16",NA,NA,302
"2003-09-17",NA,NA,302
"2003-09-18",0.66,0.224,302
"2003-09-19",NA,NA,302
"2003-09-20",NA,NA,302
"2003-09-21",1.53,0.238,302
"2003-09-22",NA,NA,302
"2003-09-23",NA,NA,302
"2003-09-24",2.08,0.312,302
"2003-09-25",NA,NA,302
"2003-09-26",NA,NA,302
"2003-09-27",4.14,0.244,302
"2003-09-28",NA,NA,302
"2003-09-29",NA,NA,302
"2003-09-30",1.32,0.28,302
"2003-10-01",NA,NA,302
"2003-10-02",NA,NA,302
"2003-10-03",0.47,0.122,302
"2003-10-04",NA,NA,302
"2003-10-05",NA,NA,302
"2003-10-06",1.32,0.3,302
"2003-10-07",NA,NA,302
"2003-10-08",NA,NA,302
"2003-10-09",8.43,6.31,302
"2003-10-10",NA,NA,302
"2003-10-11",NA,NA,302
"2003-10-12",3.28,0.461,302
"2003-10-13",NA,NA,302
"2003-10-14",NA,NA,302
"2003-10-15",0.789,0.0803,302
"2003-10-16",NA,NA,302
"2003-10-17",NA,NA,302
"2003-10-18",1.1,0.717,302
"2003-10-19",NA,NA,302
"2003-10-20",NA,NA,302
"2003-10-21",2.48,2.54,302
"2003-10-22",NA,NA,302
"2003-10-23",NA,NA,302
"2003-10-24",0.414,0.212,302
"2003-10-25",NA,NA,302
"2003-10-26",NA,NA,302
"2003-10-27",1.41,0.699,302
"2003-10-28",NA,NA,302
"2003-10-29",NA,NA,302
"2003-10-30",NA,NA,302
"2003-10-31",NA,NA,302
"2003-11-01",NA,NA,302
"2003-11-02",1.01,0.76,302
"2003-11-03",NA,NA,302
"2003-11-04",NA,NA,302
"2003-11-05",1.55,0.515,302
"2003-11-06",NA,NA,302
"2003-11-07",NA,NA,302
"2003-11-08",0.978,0.347,302
"2003-11-09",NA,NA,302
"2003-11-10",NA,NA,302
"2003-11-11",1.92,3.17,302
"2003-11-12",NA,NA,302
"2003-11-13",NA,NA,302
"2003-11-14",0.454,0.124,302
"2003-11-15",NA,NA,302
"2003-11-16",NA,NA,302
"2003-11-17",1.23,1.65,302
"2003-11-18",NA,NA,302
"2003-11-19",NA,NA,302
"2003-11-20",0.673,0.151,302
"2003-11-21",NA,NA,302
"2003-11-22",NA,NA,302
"2003-11-23",1.8,2.04,302
"2003-11-24",NA,NA,302
"2003-11-25",NA,NA,302
"2003-11-26",2.27,2.75,302
"2003-11-27",NA,NA,302
"2003-11-28",NA,NA,302
"2003-11-29",0.556,0.159,302
"2003-11-30",NA,NA,302
"2003-12-01",NA,NA,302
"2003-12-02",0.822,0.161,302
"2003-12-03",NA,NA,302
"2003-12-04",NA,NA,302
"2003-12-05",1.16,2.28,302
"2003-12-06",NA,NA,302
"2003-12-07",NA,NA,302
"2003-12-08",0.85,1.27,302
"2003-12-09",NA,NA,302
"2003-12-10",NA,NA,302
"2003-12-11",1.42,0.585,302
"2003-12-12",NA,NA,302
"2003-12-13",NA,NA,302
"2003-12-14",1.3,0.9,302
"2003-12-15",NA,NA,302
"2003-12-16",NA,NA,302
"2003-12-17",3.2,2.37,302
"2003-12-18",NA,NA,302
"2003-12-19",NA,NA,302
"2003-12-20",1.6,1.7,302
"2003-12-21",NA,NA,302
"2003-12-22",NA,NA,302
"2003-12-23",3.18,2.21,302
"2003-12-24",NA,NA,302
"2003-12-25",NA,NA,302
"2003-12-26",NA,NA,302
"2003-12-27",NA,NA,302
"2003-12-28",NA,NA,302
"2003-12-29",1.77,2.27,302
"2003-12-30",NA,NA,302
"2003-12-31",NA,NA,302
"2004-01-01",1.27,0.693,302
"2004-01-02",NA,NA,302
"2004-01-03",NA,NA,302
"2004-01-04",1.66,0.975,302
"2004-01-05",NA,NA,302
"2004-01-06",NA,NA,302
"2004-01-07",NA,0.684,302
"2004-01-08",NA,NA,302
"2004-01-09",NA,NA,302
"2004-01-10",0.892,0.892,302
"2004-01-11",NA,NA,302
"2004-01-12",NA,NA,302
"2004-01-13",2,3.02,302
"2004-01-14",NA,NA,302
"2004-01-15",NA,NA,302
"2004-01-16",0.553,0.313,302
"2004-01-17",NA,NA,302
"2004-01-18",NA,NA,302
"2004-01-19",0.574,0.449,302
"2004-01-20",NA,NA,302
"2004-01-21",NA,NA,302
"2004-01-22",1.75,2.39,302
"2004-01-23",NA,NA,302
"2004-01-24",NA,NA,302
"2004-01-25",0.988,0.567,302
"2004-01-26",NA,NA,302
"2004-01-27",NA,NA,302
"2004-01-28",2,7.38,302
"2004-01-29",NA,NA,302
"2004-01-30",NA,NA,302
"2004-01-31",NA,NA,302
"2004-02-01",NA,NA,302
"2004-02-02",NA,NA,302
"2004-02-03",1.92,2.54,302
"2004-02-04",NA,NA,302
"2004-02-05",NA,NA,302
"2004-02-06",1.1,2.33,302
"2004-02-07",NA,NA,302
"2004-02-08",NA,NA,302
"2004-02-09",2.29,1.69,302
"2004-02-10",NA,NA,302
"2004-02-11",NA,NA,302
"2004-02-12",1.07,2.83,302
"2004-02-13",NA,NA,302
"2004-02-14",NA,NA,302
"2004-02-15",0.861,0.65,302
"2004-02-16",NA,NA,302
"2004-02-17",NA,NA,302
"2004-02-18",3.18,6.8,302
"2004-02-19",NA,NA,302
"2004-02-20",NA,NA,302
"2004-02-21",3.87,3.58,302
"2004-02-22",NA,NA,302
"2004-02-23",NA,NA,302
"2004-02-24",2.01,3.7,302
"2004-02-25",NA,NA,302
"2004-02-26",NA,NA,302
"2004-02-27",NA,NA,302
"2004-02-28",NA,NA,302
"2004-02-29",NA,NA,302
"2004-03-01",6.63,13.8,302
"2004-03-02",NA,NA,302
"2004-03-03",NA,NA,302
"2004-03-04",4.34,3.77,302
"2004-03-05",NA,NA,302
"2004-03-06",NA,NA,302
"2004-03-07",1.35,0.332,302
"2004-03-08",NA,NA,302
"2004-03-09",NA,NA,302
"2004-03-10",2.33,3.02,302
"2004-03-11",NA,NA,302
"2004-03-12",NA,NA,302
"2004-03-13",1.13,0.441,302
"2004-03-14",NA,NA,302
"2004-03-15",NA,NA,302
"2004-03-16",1,0.775,302
"2004-03-17",NA,NA,302
"2004-03-18",NA,NA,302
"2004-03-19",3.24,8.77,302
"2004-03-20",NA,NA,302
"2004-03-21",NA,NA,302
"2004-03-22",1.09,0.24,302
"2004-03-23",NA,NA,302
"2004-03-24",NA,NA,302
"2004-03-25",3.85,6.56,302
"2004-03-26",NA,NA,302
"2004-03-27",NA,NA,302
"2004-03-28",1.01,1.32,302
"2004-03-29",NA,NA,302
"2004-03-30",NA,NA,302
"2004-03-31",4.51,2.33,302
"2004-04-01",NA,NA,302
"2004-04-02",NA,NA,302
"2004-04-03",1.01,3.58,302
"2004-04-04",NA,NA,302
"2004-04-05",NA,NA,302
"2004-04-06",0.532,0.169,302
"2004-04-07",NA,NA,302
"2004-04-08",NA,NA,302
"2004-04-09",1.12,0.493,302
"2004-04-10",NA,NA,302
"2004-04-11",NA,NA,302
"2004-04-12",1.12,0.845,302
"2004-04-13",NA,NA,302
"2004-04-14",NA,NA,302
"2004-04-15",1.42,0.76,302
"2004-04-16",NA,NA,302
"2004-04-17",NA,NA,302
"2004-04-18",3.79,4.57,302
"2004-04-19",NA,NA,302
"2004-04-20",NA,NA,302
"2004-04-21",1.79,0.539,302
"2004-04-22",NA,NA,302
"2004-04-23",NA,NA,302
"2004-04-24",1.36,1.15,302
"2004-04-25",NA,NA,302
"2004-04-26",NA,NA,302
"2004-04-27",2.01,1.52,302
"2004-04-28",NA,NA,302
"2004-04-29",NA,NA,302
"2004-04-30",6.19,0.421,302
"2004-05-01",NA,NA,302
"2004-05-02",NA,NA,302
"2004-05-03",0.396,0.207,302
"2004-05-04",NA,NA,302
"2004-05-05",NA,NA,302
"2004-05-06",4.64,3.2,302
"2004-05-07",NA,NA,302
"2004-05-08",NA,NA,302
"2004-05-09",2.41,1.59,302
"2004-05-10",NA,NA,302
"2004-05-11",NA,NA,302
"2004-05-12",2.13,0.905,302
"2004-05-13",NA,NA,302
"2004-05-14",NA,NA,302
"2004-05-15",NA,NA,302
"2004-05-16",NA,NA,302
"2004-05-17",NA,NA,302
"2004-05-18",8.3,0.624,302
"2004-05-19",NA,NA,302
"2004-05-20",NA,NA,302
"2004-05-21",1.93,0.815,302
"2004-05-22",NA,NA,302
"2004-05-23",NA,NA,302
"2004-05-24",NA,NA,302
"2004-05-25",NA,NA,302
"2004-05-26",NA,NA,302
"2004-05-27",2.72,0.993,302
"2004-05-28",NA,NA,302
"2004-05-29",NA,NA,302
"2004-05-30",0.618,0.117,302
"2004-05-31",NA,NA,302
"2004-06-01",NA,NA,302
"2004-06-02",0.964,0.524,302
"2004-06-03",NA,NA,302
"2004-06-04",NA,NA,302
"2004-06-05",0.898,0.258,302
"2004-06-06",NA,NA,302
"2004-06-07",NA,NA,302
"2004-06-08",14.9,0.651,302
"2004-06-09",NA,NA,302
"2004-06-10",NA,NA,302
"2004-06-11",0.571,0.247,302
"2004-06-12",NA,NA,302
"2004-06-13",NA,NA,302
"2004-06-14",3.96,0.411,302
"2004-06-15",NA,NA,302
"2004-06-16",NA,NA,302
"2004-06-17",1.37,0.491,302
"2004-06-18",NA,NA,302
"2004-06-19",NA,NA,302
"2004-06-20",0.575,0.0707,302
"2004-06-21",NA,NA,302
"2004-06-22",NA,NA,302
"2004-06-23",1.86,0.176,302
"2004-06-24",NA,NA,302
"2004-06-25",NA,NA,302
"2004-06-26",0.683,0.165,302
"2004-06-27",NA,NA,302
"2004-06-28",NA,NA,302
"2004-06-29",NA,NA,302
"2004-06-30",NA,NA,302
"2004-07-01",NA,NA,302
"2004-07-02",NA,NA,302
"2004-07-03",NA,NA,302
"2004-07-04",NA,NA,302
"2004-07-05",NA,NA,302
"2004-07-06",NA,NA,302
"2004-07-07",NA,NA,302
"2004-07-08",3.43,0.485,302
"2004-07-09",NA,NA,302
"2004-07-10",NA,NA,302
"2004-07-11",0.635,0.312,302
"2004-07-12",NA,NA,302
"2004-07-13",NA,NA,302
"2004-07-14",NA,NA,302
"2004-07-15",NA,NA,302
"2004-07-16",NA,NA,302
"2004-07-17",NA,NA,302
"2004-07-18",NA,NA,302
"2004-07-19",NA,NA,302
"2004-07-20",3.47,0.279,302
"2004-07-21",NA,NA,302
"2004-07-22",NA,NA,302
"2004-07-23",14.8,1.38,302
"2004-07-24",NA,NA,302
"2004-07-25",NA,NA,302
"2004-07-26",NA,NA,302
"2004-07-27",NA,NA,302
"2004-07-28",NA,NA,302
"2004-07-29",2.34,0.631,302
"2004-07-30",NA,NA,302
"2004-07-31",NA,NA,302
"2004-08-01",5.3,0.181,302
"2004-08-02",NA,NA,302
"2004-08-03",NA,NA,302
"2004-08-04",1.03,0.631,302
"2004-08-05",NA,NA,302
"2004-08-06",NA,NA,302
"2004-08-07",0.865,0.251,302
"2004-08-08",NA,NA,302
"2004-08-09",NA,NA,302
"2004-08-10",7.66,0.338,302
"2004-08-11",NA,NA,302
"2004-08-12",NA,NA,302
"2004-08-13",3.07,0.69,302
"2004-08-14",NA,NA,302
"2004-08-15",NA,NA,302
"2004-08-16",2.56,0.537,302
"2004-08-17",NA,NA,302
"2004-08-18",NA,NA,302
"2004-08-19",15,0.346,302
"2004-08-20",NA,NA,302
"2004-08-21",NA,NA,302
"2004-08-22",NA,NA,302
"2004-08-23",NA,NA,302
"2004-08-24",NA,NA,302
"2004-08-25",4.31,0.514,302
"2004-08-26",NA,NA,302
"2004-08-27",NA,NA,302
"2004-08-28",11.4,0.477,302
"2004-08-29",NA,NA,302
"2004-08-30",NA,NA,302
"2004-08-31",1.7,0.304,302
"2004-09-01",NA,NA,302
"2004-09-02",NA,NA,302
"2004-09-03",1.94,0.296,302
"2004-09-04",NA,NA,302
"2004-09-05",NA,NA,302
"2004-09-06",2.36,0.417,302
"2004-09-07",NA,NA,302
"2004-09-08",NA,NA,302
"2004-09-09",NA,NA,302
"2004-09-10",NA,NA,302
"2004-09-11",NA,NA,302
"2004-09-12",2.89,0.29,302
"2004-09-13",NA,NA,302
"2004-09-14",NA,NA,302
"2004-09-15",5.15,0.653,302
"2004-09-16",NA,NA,302
"2004-09-17",NA,NA,302
"2004-09-18",0.488,0.145,302
"2004-09-19",NA,NA,302
"2004-09-20",NA,NA,302
"2004-09-21",1.03,0.547,302
"2004-09-22",NA,NA,302
"2004-09-23",NA,NA,302
"2004-09-24",0.687,0.283,302
"2004-09-25",NA,NA,302
"2004-09-26",NA,NA,302
"2004-09-27",1.23,0.273,302
"2004-09-28",NA,NA,302
"2004-09-29",NA,NA,302
"2004-09-30",0.869,1.1,302
"2004-10-01",NA,NA,302
"2004-10-02",NA,NA,302
"2004-10-03",0.429,0.108,302
"2004-10-04",NA,NA,302
"2004-10-05",NA,NA,302
"2004-10-06",1.09,0.468,302
"2004-10-07",NA,NA,302
"2004-10-08",NA,NA,302
"2004-10-09",5.42,2.08,302
"2004-10-10",NA,NA,302
"2004-10-11",NA,NA,302
"2004-10-12",0.7,0.316,302
"2004-10-13",NA,NA,302
"2004-10-14",NA,NA,302
"2004-10-15",NA,0.629,302
"2004-10-16",NA,NA,302
"2004-10-17",NA,NA,302
"2004-10-18",0.482,0.107,302
"2004-10-19",NA,NA,302
"2004-10-20",NA,NA,302
"2004-10-21",0.55,0.638,302
"2004-10-22",NA,NA,302
"2004-10-23",NA,NA,302
"2004-10-24",NA,0.311,302
"2004-10-25",NA,NA,302
"2004-10-26",NA,NA,302
"2004-10-27",1.47,1.83,302
"2004-10-28",NA,NA,302
"2004-10-29",NA,NA,302
"2004-10-30",3.06,2.02,302
"2004-10-31",NA,NA,302
"2004-11-01",NA,NA,302
"2004-11-02",NA,NA,302
"2004-11-03",NA,NA,302
"2004-11-04",NA,NA,302
"2004-11-05",NA,NA,302
"2004-11-06",NA,NA,302
"2004-11-07",NA,NA,302
"2004-11-08",NA,NA,302
"2004-11-09",NA,NA,302
"2004-11-10",NA,NA,302
"2004-11-11",1.42,1.98,302
"2004-11-12",NA,NA,302
"2004-11-13",NA,NA,302
"2004-11-14",0.935,1.4,302
"2004-11-15",NA,NA,302
"2004-11-16",NA,NA,302
"2004-11-17",1.96,5.49,302
"2004-11-18",NA,NA,302
"2004-11-19",NA,NA,302
"2004-11-20",0.708,1.21,302
"2004-11-21",NA,NA,302
"2004-11-22",NA,NA,302
"2004-11-23",2.2,2.6,302
"2004-11-24",NA,NA,302
"2004-11-25",NA,NA,302
"2004-11-26",0.645,0.15,302
"2004-11-27",NA,NA,302
"2004-11-28",NA,NA,302
"2004-11-29",1.45,0.438,302
"2004-11-30",NA,NA,302
"2004-12-01",NA,NA,302
"2004-12-02",0.706,0.221,302
"2004-12-03",NA,NA,302
"2004-12-04",NA,NA,302
"2004-12-05",0.915,0.994,302
"2004-12-06",NA,NA,302
"2004-12-07",NA,NA,302
"2004-12-08",1.07,0.481,302
"2004-12-09",NA,NA,302
"2004-12-10",NA,NA,302
"2004-12-11",NA,NA,302
"2004-12-12",NA,NA,302
"2004-12-13",NA,NA,302
"2004-12-14",NA,NA,302
"2004-12-15",NA,NA,302
"2004-12-16",NA,NA,302
"2004-12-17",NA,NA,302
"2004-12-18",NA,NA,302
"2004-12-19",NA,NA,302
"2004-12-20",NA,NA,302
"2004-12-21",NA,NA,302
"2004-12-22",NA,NA,302
"2004-12-23",2,2.13,302
"2004-12-24",NA,NA,302
"2004-12-25",NA,NA,302
"2004-12-26",NA,NA,302
"2004-12-27",NA,NA,302
"2004-12-28",NA,NA,302
"2004-12-29",2.57,5.39,302
"2004-12-30",NA,NA,302
"2004-12-31",NA,NA,302
"2005-01-01",1.97,1.15,302
"2005-01-02",NA,NA,302
"2005-01-03",NA,NA,302
"2005-01-04",1.96,2.74,302
"2005-01-05",NA,NA,302
"2005-01-06",NA,NA,302
"2005-01-07",0.809,0.765,302
"2005-01-08",NA,NA,302
"2005-01-09",NA,NA,302
"2005-01-10",NA,NA,302
"2005-01-11",NA,NA,302
"2005-01-12",NA,NA,302
"2005-01-13",4.57,1.2,302
"2005-01-14",NA,NA,302
"2005-01-15",NA,NA,302
"2005-01-16",1.4,2.83,302
"2005-01-17",NA,NA,302
"2005-01-18",NA,NA,302
"2005-01-19",1.25,1.92,302
"2005-01-20",NA,NA,302
"2005-01-21",NA,NA,302
"2005-01-22",2.16,1.8,302
"2005-01-23",NA,NA,302
"2005-01-24",NA,NA,302
"2005-01-25",1.17,1.3,302
"2005-01-26",NA,NA,302
"2005-01-27",NA,NA,302
"2005-01-28",1.67,1.89,302
"2005-01-29",NA,NA,302
"2005-01-30",NA,NA,302
"2005-01-31",1.87,3.22,302
"2005-02-01",NA,NA,302
"2005-02-02",NA,NA,302
"2005-02-03",1.61,2.84,302
"2005-02-04",NA,NA,302
"2005-02-05",NA,NA,302
"2005-02-06",6.27,9.71,302
"2005-02-07",NA,NA,302
"2005-02-08",NA,NA,302
"2005-02-09",2.08,3.8,302
"2005-02-10",NA,NA,302
"2005-02-11",NA,NA,302
"2005-02-12",1.67,0.747,302
"2005-02-13",NA,NA,302
"2005-02-14",NA,NA,302
"2005-02-15",2.35,0.833,302
"2005-02-16",NA,NA,302
"2005-02-17",NA,NA,302
"2005-02-18",1.22,1.9,302
"2005-02-19",NA,NA,302
"2005-02-20",NA,NA,302
"2005-02-21",0.846,1.28,302
"2005-02-22",NA,NA,302
"2005-02-23",NA,NA,302
"2005-02-24",0.967,2.26,302
"2005-02-25",NA,NA,302
"2005-02-26",NA,NA,302
"2005-02-27",0.618,0.695,302
"2005-02-28",NA,NA,302
"2005-03-01",NA,NA,302
"2005-03-02",0.691,0.215,302
"2005-03-03",NA,NA,302
"2005-03-04",NA,NA,302
"2005-03-05",1.11,1,302
"2005-03-06",NA,NA,302
"2005-03-07",NA,NA,302
"2005-03-08",1.32,1.41,302
"2005-03-09",NA,NA,302
"2005-03-10",NA,NA,302
"2005-03-11",2.44,2.96,302
"2005-03-12",NA,NA,302
"2005-03-13",NA,NA,302
"2005-03-14",2.59,0.596,302
"2005-03-15",NA,NA,302
"2005-03-16",NA,NA,302
"2005-03-17",1.39,1.1,302
"2005-03-18",NA,NA,302
"2005-03-19",NA,NA,302
"2005-03-20",0.884,1.51,302
"2005-03-21",NA,NA,302
"2005-03-22",NA,NA,302
"2005-03-23",1.03,1.56,302
"2005-03-24",NA,NA,302
"2005-03-25",NA,NA,302
"2005-03-26",1.93,1.47,302
"2005-03-27",NA,NA,302
"2005-03-28",NA,NA,302
"2005-03-29",2.38,1.88,302
"2005-03-30",NA,NA,302
"2005-03-31",NA,NA,302
"2005-04-01",2.37,1.24,302
"2005-04-02",NA,NA,302
"2005-04-03",NA,NA,302
"2005-04-04",0.915,1.16,302
"2005-04-05",NA,NA,302
"2005-04-06",NA,NA,302
"2005-04-07",2.39,3.39,302
"2005-04-08",NA,NA,302
"2005-04-09",NA,NA,302
"2005-04-10",NA,NA,302
"2005-04-11",NA,NA,302
"2005-04-12",NA,NA,302
"2005-04-13",0.825,0.478,302
"2005-04-14",NA,NA,302
"2005-04-15",NA,NA,302
"2005-04-16",1.13,0.757,302
"2005-04-17",NA,NA,302
"2005-04-18",NA,NA,302
"2005-04-19",2.21,0.311,302
"2005-04-20",NA,NA,302
"2005-04-21",NA,NA,302
"2005-04-22",1.11,0.642,302
"2005-04-23",NA,NA,302
"2005-04-24",NA,NA,302
"2005-04-25",NA,NA,302
"2005-04-26",NA,NA,302
"2005-04-27",NA,NA,302
"2005-04-28",1.88,1.11,302
"2005-04-29",NA,NA,302
"2005-04-30",NA,NA,302
"2005-05-01",2.83,1.72,302
"2005-05-02",NA,NA,302
"2005-05-03",NA,NA,302
"2005-05-04",1.13,0.527,302
"2005-05-05",NA,NA,302
"2005-05-06",NA,NA,302
"2005-05-07",2.48,0.377,302
"2005-05-08",NA,NA,302
"2005-05-09",NA,NA,302
"2005-05-10",1.15,0.621,302
"2005-05-11",NA,NA,302
"2005-05-12",NA,NA,302
"2005-05-13",0.778,0.239,302
"2005-05-14",NA,NA,302
"2005-05-15",NA,NA,302
"2005-05-16",2.3,0.628,302
"2005-05-17",NA,NA,302
"2005-05-18",NA,NA,302
"2005-05-19",1.11,0.524,302
"2005-05-20",NA,NA,302
"2005-05-21",NA,NA,302
"2005-05-22",0.307,0.172,302
"2005-05-23",NA,NA,302
"2005-05-24",NA,NA,302
"2005-05-25",NA,NA,302
"2005-05-26",NA,NA,302
"2005-05-27",NA,NA,302
"2005-05-28",2.38,2.22,302
"2005-05-29",NA,NA,302
"2005-05-30",NA,NA,302
"2005-05-31",2.06,0.353,302
"2005-06-01",NA,NA,302
"2005-06-02",NA,NA,302
"2005-06-03",6.45,2.14,302
"2005-06-04",NA,NA,302
"2005-06-05",NA,NA,302
"2005-06-06",4.71,0.274,302
"2005-06-07",NA,NA,302
"2005-06-08",NA,NA,302
"2005-06-09",4.65,4.14,302
"2005-06-10",11.7,1.29,302
"2005-06-11",NA,NA,302
"2005-06-12",NA,NA,302
"2005-06-13",NA,NA,302
"2005-06-14",NA,NA,302
"2005-06-15",1.62,0.553,302
"2005-06-16",NA,NA,302
"2005-06-17",NA,NA,302
"2005-06-18",0.32,0.285,302
"2005-06-19",NA,NA,302
"2005-06-20",NA,NA,302
"2005-06-21",NA,NA,302
"2005-06-22",NA,NA,302
"2005-06-23",NA,NA,302
"2005-06-24",2.52,0.317,302
"2005-06-25",NA,NA,302
"2005-06-26",NA,NA,302
"2005-06-27",7.71,0.585,302
"2005-06-28",NA,NA,302
"2005-06-29",NA,NA,302
"2005-06-30",11.6,1.65,302
"2005-07-01",NA,NA,302
"2005-07-02",NA,NA,302
"2005-07-03",0.571,0.19,302
"2005-07-04",NA,NA,302
"2005-07-05",NA,NA,302
"2005-07-06",1.19,0.467,302
"2005-07-07",NA,NA,302
"2005-07-08",NA,NA,302
"2005-07-09",0.662,0.243,302
"2005-07-10",NA,NA,302
"2005-07-11",NA,NA,302
"2005-07-12",1.01,0.304,302
"2005-07-13",NA,NA,302
"2005-07-14",NA,NA,302
"2005-07-15",1.27,0.402,302
"2005-07-16",NA,NA,302
"2005-07-17",NA,NA,302
"2005-07-18",10.6,0.195,302
"2005-07-19",NA,NA,302
"2005-07-20",1.29,0.234,302
"2005-07-21",NA,NA,302
"2005-07-22",NA,NA,302
"2005-07-23",NA,NA,302
"2005-07-24",NA,0.15,302
"2005-07-25",NA,NA,302
"2005-07-26",NA,NA,302
"2005-07-27",NA,NA,302
"2005-07-28",NA,NA,302
"2005-07-29",NA,NA,302
"2005-07-30",1.11,0.276,302
"2005-07-31",NA,NA,302
"2005-08-01",4.79,0.351,302
"2005-08-02",NA,NA,302
"2005-08-03",NA,NA,302
"2005-08-04",NA,NA,302
"2005-08-05",6.85,0.78,302
"2005-08-06",NA,NA,302
"2005-08-07",NA,NA,302
"2005-08-08",5.78,0.417,302
"2005-08-09",NA,NA,302
"2005-08-10",NA,NA,302
"2005-08-11",4.23,0.441,302
"2005-08-12",NA,NA,302
"2005-08-13",NA,NA,302
"2005-08-14",NA,0.335,302
"2005-08-15",NA,NA,302
"2005-08-16",NA,NA,302
"2005-08-17",1.16,0.162,302
"2005-08-18",NA,NA,302
"2005-08-19",NA,NA,302
"2005-08-20",4.41,0.3,302
"2005-08-21",NA,NA,302
"2005-08-22",NA,NA,302
"2005-08-23",NA,NA,302
"2005-08-24",NA,NA,302
"2005-08-25",NA,NA,302
"2005-08-26",NA,NA,302
"2005-08-27",NA,NA,302
"2005-08-28",NA,NA,302
"2005-08-29",2.9,0.254,302
"2005-08-30",NA,NA,302
"2005-08-31",NA,NA,302
"2005-09-01",1.72,0.0894,302
"2005-09-02",NA,NA,302
"2005-09-03",NA,NA,302
"2005-09-04",1.18,0.199,302
"2005-09-05",NA,NA,302
"2005-09-06",NA,NA,302
"2005-09-07",2.94,0.424,302
"2005-09-08",NA,NA,302
"2005-09-09",NA,NA,302
"2005-09-10",0.694,0.273,302
"2005-09-11",NA,NA,302
"2005-09-12",NA,NA,302
"2005-09-13",17.6,0.596,302
"2005-09-14",NA,NA,302
"2005-09-15",NA,NA,302
"2005-09-16",3.75,0.858,302
"2005-09-17",NA,NA,302
"2005-09-18",NA,NA,302
"2005-09-19",2.29,0.25,302
"2005-09-20",NA,NA,302
"2005-09-21",NA,NA,302
"2005-09-22",NA,NA,302
"2005-09-23",NA,NA,302
"2005-09-24",NA,NA,302
"2005-09-25",1.48,0.348,302
"2005-09-26",NA,NA,302
"2005-09-27",NA,NA,302
"2005-09-28",NA,NA,302
"2005-09-29",NA,NA,302
"2005-09-30",NA,NA,302
"2005-10-01",3.36,0.298,302
"2005-10-02",NA,NA,302
"2005-10-03",NA,NA,302
"2005-10-04",9.36,1.59,302
"2005-10-05",NA,NA,302
"2005-10-06",NA,NA,302
"2005-10-07",4.01,0.686,302
"2005-10-08",NA,NA,302
"2005-10-09",NA,NA,302
"2005-10-10",0.526,0.475,302
"2005-10-11",NA,NA,302
"2005-10-12",NA,NA,302
"2005-10-13",NA,0.464,302
"2005-10-14",NA,NA,302
"2005-10-15",NA,NA,302
"2005-10-16",NA,NA,302
"2005-10-17",NA,NA,302
"2005-10-18",NA,NA,302
"2005-10-19",0.553,0.0977,302
"2005-10-20",NA,NA,302
"2005-10-21",NA,NA,302
"2005-10-22",0.606,0.57,302
"2005-10-23",NA,NA,302
"2005-10-24",NA,NA,302
"2005-10-25",NA,NA,302
"2005-10-26",NA,NA,302
"2005-10-27",NA,NA,302
"2005-10-28",0.965,0.457,302
"2005-10-29",NA,NA,302
"2005-10-30",NA,NA,302
"2005-10-31",NA,NA,302
"2005-11-01",NA,NA,302
"2005-11-02",NA,NA,302
"2005-11-03",1.78,0.653,302
"2005-11-04",NA,NA,302
"2005-11-05",NA,NA,302
"2005-11-06",4.76,3.62,302
"2005-11-07",NA,NA,302
"2005-11-08",NA,NA,302
"2005-11-09",0.549,0.788,302
"2005-11-10",NA,NA,302
"2005-11-11",NA,NA,302
"2005-11-12",1.23,1.66,302
"2005-11-13",NA,NA,302
"2005-11-14",NA,NA,302
"2005-11-15",0.378,0.591,302
"2005-11-16",NA,NA,302
"2005-11-17",NA,NA,302
"2005-11-18",NA,NA,302
"2005-11-19",NA,NA,302
"2005-11-20",NA,NA,302
"2005-11-21",2.65,1.58,302
"2005-11-22",NA,NA,302
"2005-11-23",NA,NA,302
"2005-11-24",NA,NA,302
"2005-11-25",NA,NA,302
"2005-11-26",NA,NA,302
"2005-11-27",NA,NA,302
"2005-11-28",NA,NA,302
"2005-11-29",NA,NA,302
"2005-11-30",1.53,0.777,302
"2005-12-01",NA,NA,302
"2005-12-02",NA,NA,302
"2005-12-03",NA,NA,302
"2005-12-04",NA,NA,302
"2005-12-05",NA,NA,302
"2005-12-06",1.92,1.41,302
"2005-12-07",NA,NA,302
"2005-12-08",NA,NA,302
"2005-12-09",NA,NA,302
"2005-12-10",NA,NA,302
"2005-12-11",NA,NA,302
"2005-12-12",NA,NA,302
"2005-12-13",NA,NA,302
"2005-12-14",NA,NA,302
"2005-12-15",NA,NA,302
"2005-12-16",NA,NA,302
"2005-12-17",NA,NA,302
"2005-12-18",NA,NA,302
"2005-12-19",NA,NA,302
"2005-12-20",NA,NA,302
"2005-12-21",NA,NA,302
"2005-12-22",NA,NA,302
"2005-12-23",NA,NA,302
"2005-12-24",NA,NA,302
"2005-12-25",NA,NA,302
"2005-12-26",NA,NA,302
"2005-12-27",NA,NA,302
"2005-12-28",NA,NA,302
"2005-12-29",NA,NA,302
"2005-12-30",0.961,0.774,302
"2005-12-31",NA,NA,302
"2006-01-01",NA,NA,302
"2006-01-02",3.45,11.3,302
"2006-01-03",NA,NA,302
"2006-01-04",NA,NA,302
"2006-01-05",2,1.89,302
"2006-01-06",NA,NA,302
"2006-01-07",NA,NA,302
"2006-01-08",3.25,4.59,302
"2006-01-09",NA,NA,302
"2006-01-10",NA,NA,302
"2006-01-11",4.84,2.53,302
"2006-01-12",NA,NA,302
"2006-01-13",NA,NA,302
"2006-01-14",NA,NA,302
"2006-01-15",NA,NA,302
"2006-01-16",0.814,1.74,302
"2006-01-17",NA,NA,302
"2006-01-18",NA,NA,302
"2006-01-19",NA,NA,302
"2006-01-20",1.79,0.876,302
"2006-01-21",NA,NA,302
"2006-01-22",NA,NA,302
"2006-01-23",1.07,1.23,302
"2006-01-24",NA,NA,302
"2006-01-25",NA,NA,302
"2006-01-26",1.16,0.737,302
"2006-01-27",NA,NA,302
"2006-01-28",NA,NA,302
"2006-01-29",2.1,5.91,302
"2006-01-30",NA,NA,302
"2006-01-31",NA,NA,302
"2006-02-01",2.11,4.33,302
"2006-02-02",NA,NA,302
"2006-02-03",NA,NA,302
"2006-02-04",3.18,2.38,302
"2006-02-05",NA,NA,302
"2006-02-06",NA,NA,302
"2006-02-07",NA,NA,302
"2006-02-08",NA,NA,302
"2006-02-09",NA,NA,302
"2006-02-10",1.35,0.648,302
"2006-02-11",NA,NA,302
"2006-02-12",NA,NA,302
"2006-02-13",0.00516,0.0458,302
"2006-02-14",NA,NA,302
"2006-02-15",NA,NA,302
"2006-02-16",NA,NA,302
"2006-02-17",NA,NA,302
"2006-02-18",NA,NA,302
"2006-02-19",1.39,0.333,302
"2006-02-20",NA,NA,302
"2006-02-21",NA,NA,302
"2006-02-22",2.85,4.1,302
"2006-02-23",NA,NA,302
"2006-02-24",NA,NA,302
"2006-02-25",0.773,1.23,302
"2006-02-26",NA,NA,302
"2006-02-27",NA,NA,302
"2006-02-28",0.56,0.196,302
"2006-03-01",NA,NA,302
"2006-03-02",NA,NA,302
"2006-03-03",NA,NA,302
"2006-03-04",NA,NA,302
"2006-03-05",NA,NA,302
"2006-03-06",0.381,0.769,302
"2006-03-07",NA,NA,302
"2006-03-08",NA,NA,302
"2006-03-09",NA,NA,302
"2006-03-10",NA,NA,302
"2006-03-11",NA,NA,302
"2006-03-12",3.54,3.12,302
"2006-03-13",NA,NA,302
"2006-03-14",NA,NA,302
"2006-03-15",1.1,0.11,302
"2006-03-16",NA,NA,302
"2006-03-17",NA,NA,302
"2006-03-18",1.5,0.299,302
"2006-03-19",NA,NA,302
"2006-03-20",NA,NA,302
"2006-03-21",NA,NA,302
"2006-03-22",NA,NA,302
"2006-03-23",NA,NA,302
"2006-03-24",0.82,1.06,302
"2006-03-25",NA,NA,302
"2006-03-26",NA,NA,302
"2006-03-27",1.16,0.433,302
"2006-03-28",NA,NA,302
"2006-03-29",NA,NA,302
"2006-03-30",2.61,1.46,302
"2006-03-31",NA,NA,302
"2006-04-01",NA,NA,302
"2006-04-02",0.901,0.188,302
"2006-04-03",NA,NA,302
"2006-04-04",NA,NA,302
"2006-04-05",1.07,0.56,302
"2006-04-06",NA,NA,302
"2006-04-07",NA,NA,302
"2006-04-08",1.17,0.357,302
"2006-04-09",NA,NA,302
"2006-04-10",NA,NA,302
"2006-04-11",2.1,0.789,302
"2006-04-12",NA,NA,302
"2006-04-13",NA,NA,302
"2006-04-14",2.15,1.23,302
"2006-04-15",NA,NA,302
"2006-04-16",NA,NA,302
"2006-04-17",1.28,0.306,302
"2006-04-18",NA,NA,302
"2006-04-19",NA,NA,302
"2006-04-20",0.913,0.268,302
"2006-04-21",NA,NA,302
"2006-04-22",NA,NA,302
"2006-04-23",0.576,0.338,302
"2006-04-24",NA,NA,302
"2006-04-25",NA,NA,302
"2006-04-26",1,0.228,302
"2006-04-27",NA,NA,302
"2006-04-28",NA,NA,302
"2006-04-29",0.673,1.28,302
"2006-04-30",NA,NA,302
"2006-05-01",NA,NA,302
"2006-05-02",0.714,0.662,302
"2006-05-03",NA,NA,302
"2006-05-04",NA,NA,302
"2006-05-05",2.05,0.352,302
"2006-05-06",NA,NA,302
"2006-05-07",NA,NA,302
"2006-05-08",NA,NA,302
"2006-05-09",NA,NA,302
"2006-05-10",NA,NA,302
"2006-05-11",0.447,0.14,302
"2006-05-12",NA,NA,302
"2006-05-13",NA,NA,302
"2006-05-14",1.82,0.509,302
"2006-05-15",NA,NA,302
"2006-05-16",NA,NA,302
"2006-05-17",3.19,0.776,302
"2006-05-18",NA,NA,302
"2006-05-19",NA,NA,302
"2006-05-20",1.42,0.194,302
"2006-05-21",NA,NA,302
"2006-05-22",NA,NA,302
"2006-05-23",0.485,0.0901,302
"2006-05-24",NA,NA,302
"2006-05-25",NA,NA,302
"2006-05-26",6.38,1.42,302
"2006-05-27",NA,NA,302
"2006-05-28",NA,NA,302
"2006-05-29",3.41,0.782,302
"2006-05-30",NA,NA,302
"2006-05-31",NA,NA,302
"2006-06-01",3.85,1.04,302
"2006-06-02",NA,NA,302
"2006-06-03",NA,NA,302
"2006-06-04",0.415,0.143,302
"2006-06-05",NA,NA,302
"2006-06-06",NA,NA,302
"2006-06-07",2.82,0.304,302
"2006-06-08",NA,NA,302
"2006-06-09",NA,NA,302
"2006-06-10",NA,NA,302
"2006-06-11",NA,NA,302
"2006-06-12",NA,NA,302
"2006-06-13",0.506,0.256,302
"2006-06-14",NA,NA,302
"2006-06-15",NA,NA,302
"2006-06-16",NA,0.127,302
"2006-06-17",NA,NA,302
"2006-06-18",NA,NA,302
"2006-06-19",10.7,0.433,302
"2006-06-20",NA,NA,302
"2006-06-21",NA,NA,302
"2006-06-22",5.71,0.447,302
"2006-06-23",NA,NA,302
"2006-06-24",NA,NA,302
"2006-06-25",1.34,0.184,302
"2006-06-26",NA,NA,302
"2006-06-27",NA,NA,302
"2006-06-28",0.803,0.213,302
"2006-06-29",NA,NA,302
"2006-06-30",NA,NA,302
"2006-07-01",1.79,0.215,302
"2006-07-02",NA,NA,302
"2006-07-03",NA,NA,302
"2006-07-04",NA,NA,302
"2006-07-05",NA,NA,302
"2006-07-06",NA,NA,302
"2006-07-07",NA,NA,302
"2006-07-08",NA,NA,302
"2006-07-09",NA,NA,302
"2006-07-10",12.2,0.209,302
"2006-07-11",NA,NA,302
"2006-07-12",NA,NA,302
"2006-07-13",3.83,0.61,302
"2006-07-14",NA,NA,302
"2006-07-15",NA,NA,302
"2006-07-16",NA,NA,302
"2006-07-17",NA,NA,302
"2006-07-18",NA,NA,302
"2006-07-19",NA,0.218,302
"2006-07-20",NA,NA,302
"2006-07-21",NA,NA,302
"2006-07-22",1.05,0.544,302
"2006-07-23",NA,NA,302
"2006-07-24",NA,NA,302
"2006-07-25",6.24,0.244,302
"2006-07-26",NA,NA,302
"2006-07-27",NA,NA,302
"2006-07-28",5.81,0.291,302
"2006-07-29",NA,NA,302
"2006-07-30",NA,NA,302
"2006-07-31",1.03,0.201,302
"2006-08-01",NA,NA,302
"2006-08-02",NA,NA,302
"2006-08-03",NA,0.181,302
"2006-08-04",NA,NA,302
"2006-08-05",NA,NA,302
"2006-08-06",0.391,0.131,302
"2006-08-07",NA,NA,302
"2006-08-08",NA,NA,302
"2006-08-09",0.245,0.125,302
"2006-08-10",NA,NA,302
"2006-08-11",NA,NA,302
"2006-08-12",0.218,0.105,302
"2006-08-13",NA,NA,302
"2006-08-14",NA,NA,302
"2006-08-15",2.68,0.175,302
"2006-08-16",NA,NA,302
"2006-08-17",NA,NA,302
"2006-08-18",2.91,0.281,302
"2006-08-19",NA,NA,302
"2006-08-20",NA,NA,302
"2006-08-21",NA,NA,302
"2006-08-22",NA,NA,302
"2006-08-23",NA,NA,302
"2006-08-24",0.475,0.216,302
"2006-08-25",NA,NA,302
"2006-08-26",NA,NA,302
"2006-08-27",NA,NA,302
"2006-08-28",NA,NA,302
"2006-08-29",NA,NA,302
"2006-08-30",0.578,0.365,302
"2006-08-31",NA,NA,302
"2006-09-01",NA,NA,302
"2006-09-02",0.318,0.135,302
"2006-09-03",NA,NA,302
"2006-09-04",NA,NA,302
"2006-09-05",0.51,0.147,302
"2006-09-06",NA,NA,302
"2006-09-07",NA,NA,302
"2006-09-08",2.88,0.505,302
"2006-09-09",NA,NA,302
"2006-09-10",NA,NA,302
"2006-09-11",0.601,0.234,302
"2006-09-12",NA,NA,302
"2006-09-13",NA,NA,302
"2006-09-14",1.4,0.607,302
"2006-09-15",NA,NA,302
"2006-09-16",NA,NA,302
"2006-09-17",1.43,0.303,302
"2006-09-18",NA,NA,302
"2006-09-19",NA,NA,302
"2006-09-20",0.823,0.153,302
"2006-09-21",NA,NA,302
"2006-09-22",NA,NA,302
"2006-09-23",NA,NA,302
"2006-09-24",NA,NA,302
"2006-09-25",NA,NA,302
"2006-09-26",0.796,0.0911,302
"2006-09-27",NA,NA,302
"2006-09-28",NA,NA,302
"2006-09-29",1.17,0.15,302
"2006-09-30",NA,NA,302
"2006-10-01",NA,NA,302
"2006-10-02",1.41,0.377,302
"2006-10-03",NA,NA,302
"2006-10-04",NA,NA,302
"2006-10-05",0.751,0.232,302
"2006-10-06",NA,NA,302
"2006-10-07",NA,NA,302
"2006-10-08",0.676,0.347,302
"2006-10-09",NA,NA,302
"2006-10-10",NA,NA,302
"2006-10-11",1.34,0.65,302
"2006-10-12",NA,NA,302
"2006-10-13",NA,NA,302
"2006-10-14",1.67,0.552,302
"2006-10-15",NA,NA,302
"2006-10-16",NA,NA,302
"2006-10-17",2.2,1.17,302
"2006-10-18",NA,NA,302
"2006-10-19",NA,NA,302
"2006-10-20",0.935,0.158,302
"2006-10-21",NA,NA,302
"2006-10-22",NA,NA,302
"2006-10-23",1.72,1.24,302
"2006-10-24",NA,NA,302
"2006-10-25",NA,NA,302
"2006-10-26",0.365,0.0721,302
"2006-10-27",NA,NA,302
"2006-10-28",NA,NA,302
"2006-10-29",NA,NA,302
"2006-10-30",NA,NA,302
"2006-10-31",NA,NA,302
"2006-11-01",1.89,0.671,302
"2006-11-02",NA,NA,302
"2006-11-03",NA,NA,302
"2006-11-04",0.53,0.324,302
"2006-11-05",NA,NA,302
"2006-11-06",NA,NA,302
"2006-11-07",NA,NA,302
"2006-11-08",NA,NA,302
"2006-11-09",NA,NA,302
"2006-11-10",1.15,0.446,302
"2006-11-11",NA,NA,302
"2006-11-12",NA,NA,302
"2006-11-13",1.61,1.32,302
"2006-11-14",NA,NA,302
"2006-11-15",NA,NA,302
"2006-11-16",1.34,0.762,302
"2006-11-17",NA,NA,302
"2006-11-18",NA,NA,302
"2006-11-19",NA,NA,302
"2006-11-20",NA,NA,302
"2006-11-21",NA,NA,302
"2006-11-22",1.35,2.2,302
"2006-11-23",NA,NA,302
"2006-11-24",NA,NA,302
"2006-11-25",NA,NA,302
"2006-11-26",NA,NA,302
"2006-11-27",NA,NA,302
"2006-11-28",1.79,2.29,302
"2006-11-29",NA,NA,302
"2006-11-30",NA,NA,302
"2006-12-01",NA,NA,302
"2006-12-02",NA,NA,302
"2006-12-03",NA,NA,302
"2006-12-04",NA,NA,302
"2006-12-05",NA,NA,302
"2006-12-06",NA,NA,302
"2006-12-07",1.6,2.86,302
"2006-12-08",NA,NA,302
"2006-12-09",NA,NA,302
"2006-12-10",1.9,2.87,302
"2006-12-11",NA,NA,302
"2006-12-12",NA,NA,302
"2006-12-13",NA,NA,302
"2006-12-14",NA,NA,302
"2006-12-15",NA,NA,302
"2006-12-16",0.837,0.402,302
"2006-12-17",NA,NA,302
"2006-12-18",NA,NA,302
"2006-12-19",NA,NA,302
"2006-12-20",NA,NA,302
"2006-12-21",NA,NA,302
"2006-12-22",0.585,0.976,302
"2006-12-23",NA,NA,302
"2006-12-24",NA,NA,302
"2006-12-25",1.52,0.762,302
"2006-12-26",NA,NA,302
"2006-12-27",NA,NA,302
"2006-12-28",1.58,1.77,302
"2006-12-29",NA,NA,302
"2006-12-30",NA,NA,302
"2006-12-31",1.61,2.78,302
"2007-01-01",NA,NA,302
"2007-01-02",NA,NA,302
"2007-01-03",0.862,0.542,302
"2007-01-04",NA,NA,302
"2007-01-05",NA,NA,302
"2007-01-06",0.833,0.379,302
"2007-01-07",NA,NA,302
"2007-01-08",NA,NA,302
"2007-01-09",0.673,0.296,302
"2007-01-10",NA,NA,302
"2007-01-11",NA,NA,302
"2007-01-12",2.79,3.54,302
"2007-01-13",NA,NA,302
"2007-01-14",NA,NA,302
"2007-01-15",1.38,3.49,302
"2007-01-16",NA,NA,302
"2007-01-17",NA,NA,302
"2007-01-18",1.09,2.08,302
"2007-01-19",NA,NA,302
"2007-01-20",NA,NA,302
"2007-01-21",1.01,0.572,302
"2007-01-22",NA,NA,302
"2007-01-23",NA,NA,302
"2007-01-24",1.59,1.64,302
"2007-01-25",NA,NA,302
"2007-01-26",NA,NA,302
"2007-01-27",1.26,2.36,302
"2007-01-28",NA,NA,302
"2007-01-29",NA,NA,302
"2007-01-30",NA,NA,302
"2007-01-31",NA,NA,302
"2007-02-01",NA,NA,302
"2007-02-02",3.67,6.76,302
"2007-02-03",NA,NA,302
"2007-02-04",NA,NA,302
"2007-02-05",NA,NA,302
"2007-02-06",NA,NA,302
"2007-02-07",NA,NA,302
"2007-02-08",0.712,0.702,302
"2007-02-09",NA,NA,302
"2007-02-10",NA,NA,302
"2007-02-11",1.36,0.978,302
"2007-02-12",NA,NA,302
"2007-02-13",NA,NA,302
"2007-02-14",1.38,2.57,302
"2007-02-15",NA,NA,302
"2007-02-16",NA,NA,302
"2007-02-17",2.71,3.22,302
"2007-02-18",NA,NA,302
"2007-02-19",NA,NA,302
"2007-02-20",2.54,5.5,302
"2007-02-21",NA,NA,302
"2007-02-22",NA,NA,302
"2007-02-23",0.566,0.382,302
"2007-02-24",NA,NA,302
"2007-02-25",NA,NA,302
"2007-02-26",1.55,6.15,302
"2007-02-27",NA,NA,302
"2007-02-28",NA,NA,302
"2007-03-01",1.01,3.18,302
"2007-03-02",NA,NA,302
"2007-03-03",NA,NA,302
"2007-03-04",1.6,0.42,302
"2007-03-05",NA,NA,302
"2007-03-06",NA,NA,302
"2007-03-07",1.01,0.739,302
"2007-03-08",NA,NA,302
"2007-03-09",NA,NA,302
"2007-03-10",4.55,2.81,302
"2007-03-11",NA,NA,302
"2007-03-12",NA,NA,302
"2007-03-13",2.28,0.709,302
"2007-03-14",NA,NA,302
"2007-03-15",NA,NA,302
"2007-03-16",1.27,0.64,302
"2007-03-17",NA,NA,302
"2007-03-18",NA,NA,302
"2007-03-19",1.33,0.634,302
"2007-03-20",NA,NA,302
"2007-03-21",NA,NA,302
"2007-03-22",4.76,2.25,302
"2007-03-23",NA,NA,302
"2007-03-24",NA,NA,302
"2007-03-25",NA,NA,302
"2007-03-26",NA,NA,302
"2007-03-27",NA,NA,302
"2007-03-28",0.771,0.16,302
"2007-03-29",NA,NA,302
"2007-03-30",NA,NA,302
"2007-03-31",0.633,0.364,302
"2007-04-01",NA,NA,302
"2007-04-02",NA,NA,302
"2007-04-03",2.01,1.46,302
"2007-04-04",NA,NA,302
"2007-04-05",NA,NA,302
"2007-04-06",1.01,0.364,302
"2007-04-07",NA,NA,302
"2007-04-08",NA,NA,302
"2007-04-09",0.828,0.144,302
"2007-04-10",NA,NA,302
"2007-04-11",NA,NA,302
"2007-04-12",1.36,1.26,302
"2007-04-13",NA,NA,302
"2007-04-14",NA,NA,302
"2007-04-15",0.921,0.551,302
"2007-04-16",NA,NA,302
"2007-04-17",NA,NA,302
"2007-04-18",1.18,0.482,302
"2007-04-19",NA,NA,302
"2007-04-20",NA,NA,302
"2007-04-21",1.23,0.528,302
"2007-04-22",NA,NA,302
"2007-04-23",NA,NA,302
"2007-04-24",0.877,0.126,302
"2007-04-25",NA,NA,302
"2007-04-26",NA,NA,302
"2007-04-27",1.29,0.906,302
"2007-04-28",NA,NA,302
"2007-04-29",NA,NA,302
"2007-04-30",0.744,0.428,302
"2007-05-01",NA,NA,302
"2007-05-02",NA,NA,302
"2007-05-03",0.603,0.158,302
"2007-05-04",NA,NA,302
"2007-05-05",NA,NA,302
"2007-05-06",0.713,0.473,302
"2007-05-07",NA,NA,302
"2007-05-08",NA,NA,302
"2007-05-09",4.31,0.584,302
"2007-05-10",NA,NA,302
"2007-05-11",NA,NA,302
"2007-05-12",0.0473,0,302
"2007-05-13",NA,NA,302
"2007-05-14",NA,NA,302
"2007-05-15",3.14,2.42,302
"2007-05-16",NA,NA,302
"2007-05-17",NA,NA,302
"2007-05-18",NA,NA,302
"2007-05-19",NA,NA,302
"2007-05-20",NA,NA,302
"2007-05-21",0.661,0.179,302
"2007-05-22",NA,NA,302
"2007-05-23",NA,NA,302
"2007-05-24",7.48,1.35,302
"2007-05-25",NA,NA,302
"2007-05-26",NA,NA,302
"2007-05-27",1.83,0.46,302
"2007-05-28",NA,NA,302
"2007-05-29",NA,NA,302
"2007-05-30",1.4,1.05,302
"2007-05-31",NA,NA,302
"2007-06-01",NA,NA,302
"2007-06-02",7.92,1.77,302
"2007-06-03",NA,NA,302
"2007-06-04",NA,NA,302
"2007-06-05",3.36,0.316,302
"2007-06-06",NA,NA,302
"2007-06-07",NA,NA,302
"2007-06-08",7.52,0.724,302
"2007-06-09",NA,NA,302
"2007-06-10",NA,NA,302
"2007-06-11",1.87,0.525,302
"2007-06-12",NA,NA,302
"2007-06-13",NA,NA,302
"2007-06-14",1.29,0.299,302
"2007-06-15",NA,NA,302
"2007-06-16",NA,NA,302
"2007-06-17",2.29,0.43,302
"2007-06-18",NA,NA,302
"2007-06-19",NA,NA,302
"2007-06-20",2.78,0.471,302
"2007-06-21",NA,NA,302
"2007-06-22",NA,NA,302
"2007-06-23",0.303,0.132,302
"2007-06-24",NA,NA,302
"2007-06-25",NA,NA,302
"2007-06-26",9.15,0.303,302
"2007-06-27",NA,NA,302
"2007-06-28",NA,NA,302
"2007-06-29",NA,NA,302
"2007-06-30",NA,NA,302
"2007-07-01",NA,NA,302
"2007-07-02",0.315,0.0842,302
"2007-07-03",NA,NA,302
"2007-07-04",NA,NA,302
"2007-07-05",5.49,0.636,302
"2007-07-06",NA,NA,302
"2007-07-07",NA,NA,302
"2007-07-08",0.944,0.419,302
"2007-07-09",NA,NA,302
"2007-07-10",NA,NA,302
"2007-07-11",10.5,0.764,302
"2007-07-12",NA,NA,302
"2007-07-13",NA,NA,302
"2007-07-14",1.12,0.135,302
"2007-07-15",NA,NA,302
"2007-07-16",NA,NA,302
"2007-07-17",NA,NA,302
"2007-07-18",NA,NA,302
"2007-07-19",NA,NA,302
"2007-07-20",1.3,0.332,302
"2007-07-21",NA,NA,302
"2007-07-22",NA,NA,302
"2007-07-23",0.493,0.161,302
"2007-07-24",NA,NA,302
"2007-07-25",NA,NA,302
"2007-07-26",6.91,0.645,302
"2007-07-27",NA,NA,302
"2007-07-28",NA,NA,302
"2007-07-29",1.44,0.306,302
"2007-07-30",NA,NA,302
"2007-07-31",NA,NA,302
"2007-08-01",1.16,0.511,302
"2007-08-02",NA,NA,302
"2007-08-03",NA,NA,302
"2007-08-04",NA,0.563,302
"2007-08-05",NA,NA,302
"2007-08-06",NA,NA,302
"2007-08-07",6.52,1.33,302
"2007-08-08",NA,NA,302
"2007-08-09",NA,NA,302
"2007-08-10",0.476,0.199,302
"2007-08-11",NA,NA,302
"2007-08-12",NA,NA,302
"2007-08-13",1.9,0.21,302
"2007-08-14",NA,NA,302
"2007-08-15",NA,NA,302
"2007-08-16",1.81,0.249,302
"2007-08-17",NA,NA,302
"2007-08-18",NA,NA,302
"2007-08-19",NA,NA,302
"2007-08-20",NA,NA,302
"2007-08-21",NA,NA,302
"2007-08-22",0.805,0.139,302
"2007-08-23",NA,NA,302
"2007-08-24",NA,NA,302
"2007-08-25",14.8,0.387,302
"2007-08-26",NA,NA,302
"2007-08-27",NA,NA,302
"2007-08-28",0.379,0.221,302
"2007-08-29",NA,NA,302
"2007-08-30",NA,NA,302
"2007-08-31",1.6,0.5,302
"2007-09-01",NA,NA,302
"2007-09-02",NA,NA,302
"2007-09-03",2.62,0.151,302
"2007-09-04",NA,NA,302
"2007-09-05",NA,NA,302
"2007-09-06",4.02,0.536,302
"2007-09-07",NA,NA,302
"2007-09-08",NA,NA,302
"2007-09-09",NA,NA,302
"2007-09-10",NA,NA,302
"2007-09-11",NA,NA,302
"2007-09-12",NA,NA,302
"2007-09-13",NA,NA,302
"2007-09-14",NA,NA,302
"2007-09-15",NA,NA,302
"2007-09-16",NA,NA,302
"2007-09-17",NA,NA,302
"2007-09-18",0.666,0.227,302
"2007-09-19",NA,NA,302
"2007-09-20",NA,NA,302
"2007-09-21",6.16,0.869,302
"2007-09-22",NA,NA,302
"2007-09-23",NA,NA,302
"2007-09-24",0.726,0.181,302
"2007-09-25",NA,NA,302
"2007-09-26",NA,NA,302
"2007-09-27",2.52,1.1,302
"2007-09-28",NA,NA,302
"2007-09-29",0.753,0.184,302
"2007-09-30",NA,NA,302
"2007-10-01",NA,NA,302
"2007-10-02",NA,NA,302
"2007-10-03",2.67,0.646,302
"2007-10-04",NA,NA,302
"2007-10-05",NA,NA,302
"2007-10-06",3.45,1.92,302
"2007-10-07",NA,NA,302
"2007-10-08",NA,NA,302
"2007-10-09",0.515,0.258,302
"2007-10-10",NA,NA,302
"2007-10-11",NA,NA,302
"2007-10-12",NA,NA,302
"2007-10-13",NA,NA,302
"2007-10-14",NA,NA,302
"2007-10-15",NA,NA,302
"2007-10-16",NA,NA,302
"2007-10-17",NA,NA,302
"2007-10-18",7.83,5.04,302
"2007-10-19",NA,NA,302
"2007-10-20",NA,NA,302
"2007-10-21",1.46,0.166,302
"2007-10-22",NA,NA,302
"2007-10-23",NA,NA,302
"2007-10-24",0.894,0.351,302
"2007-10-25",NA,NA,302
"2007-10-26",NA,NA,302
"2007-10-27",1.06,0.219,302
"2007-10-28",NA,NA,302
"2007-10-29",NA,NA,302
"2007-10-30",1.31,0.836,302
"2007-10-31",NA,NA,302
"2007-11-01",NA,NA,302
"2007-11-02",0.495,0.377,302
"2007-11-03",NA,NA,302
"2007-11-04",NA,NA,302
"2007-11-05",2.11,1.3,302
"2007-11-06",NA,NA,302
"2007-11-07",NA,NA,302
"2007-11-08",NA,NA,302
"2007-11-09",NA,NA,302
"2007-11-10",NA,NA,302
"2007-11-11",1.4,1.2,302
"2007-11-12",NA,NA,302
"2007-11-13",NA,NA,302
"2007-11-14",3.36,2.65,302
"2007-11-15",NA,NA,302
"2007-11-16",NA,NA,302
"2007-11-17",0.369,0.121,302
"2007-11-18",NA,NA,302
"2007-11-19",NA,NA,302
"2007-11-20",1.16,1.14,302
"2007-11-21",NA,NA,302
"2007-11-22",NA,NA,302
"2007-11-23",0.506,0.119,302
"2007-11-24",NA,NA,302
"2007-11-25",NA,NA,302
"2007-11-26",3.22,3,302
"2007-11-27",NA,NA,302
"2007-11-28",NA,NA,302
"2007-11-29",NA,NA,302
"2007-11-30",NA,NA,302
"2007-12-01",NA,NA,302
"2007-12-02",0.859,1.14,302
"2007-12-03",NA,NA,302
"2007-12-04",NA,NA,302
"2007-12-05",NA,NA,302
"2007-12-06",NA,NA,302
"2007-12-07",NA,NA,302
"2007-12-08",2.5,2.88,302
"2007-12-09",NA,NA,302
"2007-12-10",NA,NA,302
"2007-12-11",2.39,3.64,302
"2007-12-12",NA,NA,302
"2007-12-13",NA,NA,302
"2007-12-14",1.45,1.56,302
"2007-12-15",NA,NA,302
"2007-12-16",NA,NA,302
"2007-12-17",0.788,0.166,302
"2007-12-18",NA,NA,302
"2007-12-19",NA,NA,302
"2007-12-20",1.68,6.77,302
"2007-12-21",NA,NA,302
"2007-12-22",NA,NA,302
"2007-12-23",1.39,0.536,302
"2007-12-24",NA,NA,302
"2007-12-25",NA,NA,302
"2007-12-26",3.5,1.69,302
"2007-12-27",NA,NA,302
"2007-12-28",NA,NA,302
"2007-12-29",2.64,0.596,302
"2007-12-30",NA,NA,302
"2007-12-31",NA,NA,302
"2008-01-01",2.94,2.06,302
"2008-01-02",NA,NA,302
"2008-01-03",NA,NA,302
"2008-01-04",2.01,2.52,302
"2008-01-05",NA,NA,302
"2008-01-06",NA,NA,302
"2008-01-07",4,4.55,302
"2008-01-08",NA,NA,302
"2008-01-09",NA,NA,302
"2008-01-10",0.878,0.33,302
"2008-01-11",NA,NA,302
"2008-01-12",NA,NA,302
"2008-01-13",0.945,1.24,302
"2008-01-14",NA,NA,302
"2008-01-15",NA,NA,302
"2008-01-16",0.517,1.41,302
"2008-01-17",NA,NA,302
"2008-01-18",NA,NA,302
"2008-01-19",1.29,1.97,302
"2008-01-20",NA,NA,302
"2008-01-21",NA,NA,302
"2008-01-22",1.98,2.8,302
"2008-01-23",NA,NA,302
"2008-01-24",NA,NA,302
"2008-01-25",1.31,1.53,302
"2008-01-26",NA,NA,302
"2008-01-27",NA,NA,302
"2008-01-28",3.88,8.83,302
"2008-01-29",NA,NA,302
"2008-01-30",NA,NA,302
"2008-01-31",1.37,1.09,302
"2008-02-01",NA,NA,302
"2008-02-02",NA,NA,302
"2008-02-03",NA,NA,302
"2008-02-04",NA,NA,302
"2008-02-05",NA,NA,302
"2008-02-06",2.78,2.05,302
"2008-02-07",NA,NA,302
"2008-02-08",NA,NA,302
"2008-02-09",2.87,3.63,302
"2008-02-10",NA,NA,302
"2008-02-11",NA,NA,302
"2008-02-12",1.43,1.4,302
"2008-02-13",NA,NA,302
"2008-02-14",NA,NA,302
"2008-02-15",2.19,1.31,302
"2008-02-16",NA,NA,302
"2008-02-17",NA,NA,302
"2008-02-18",2.09,0.333,302
"2008-02-19",NA,NA,302
"2008-02-20",NA,NA,302
"2008-02-21",0.56,0.352,302
"2008-02-22",NA,NA,302
"2008-02-23",NA,NA,302
"2008-02-24",2.73,2.65,302
"2008-02-25",NA,NA,302
"2008-02-26",NA,NA,302
"2008-02-27",1.38,1.23,302
"2008-02-28",NA,NA,302
"2008-02-29",NA,NA,302
"2008-03-01",2.07,2.22,302
"2008-03-02",NA,NA,302
"2008-03-03",NA,NA,302
"2008-03-04",1.96,1.05,302
"2008-03-05",NA,NA,302
"2008-03-06",NA,NA,302
"2008-03-07",3.04,2.69,302
"2008-03-08",NA,NA,302
"2008-03-09",NA,NA,302
"2008-03-10",0.932,0.691,302
"2008-03-11",NA,NA,302
"2008-03-12",NA,NA,302
"2008-03-13",0.714,1.46,302
"2008-03-14",NA,NA,302
"2008-03-15",NA,NA,302
"2008-03-16",2.39,2.74,302
"2008-03-17",NA,NA,302
"2008-03-18",NA,NA,302
"2008-03-19",0.863,1.32,302
"2008-03-20",NA,NA,302
"2008-03-21",NA,NA,302
"2008-03-22",NA,NA,302
"2008-03-23",NA,NA,302
"2008-03-24",NA,NA,302
"2008-03-25",1.22,1.11,302
"2008-03-26",NA,NA,302
"2008-03-27",NA,NA,302
"2008-03-28",1.33,1.78,302
"2008-03-29",NA,NA,302
"2008-03-30",NA,NA,302
"2008-03-31",1.35,1.05,302
"2008-04-01",NA,NA,302
"2008-04-02",NA,NA,302
"2008-04-03",1.96,0.689,302
"2008-04-04",NA,NA,302
"2008-04-05",NA,NA,302
"2008-04-06",1.25,0.476,302
"2008-04-07",NA,NA,302
"2008-04-08",NA,NA,302
"2008-04-09",1.24,1.04,302
"2008-04-10",NA,NA,302
"2008-04-11",NA,NA,302
"2008-04-12",1.01,1.49,302
"2008-04-13",NA,NA,302
"2008-04-14",NA,NA,302
"2008-04-15",0.975,0.53,302
"2008-04-16",NA,NA,302
"2008-04-17",NA,NA,302
"2008-04-18",6.37,1.37,302
"2008-04-19",NA,NA,302
"2008-04-20",NA,NA,302
"2008-04-21",4.47,1.02,302
"2008-04-22",NA,NA,302
"2008-04-23",NA,NA,302
"2008-04-24",1.51,0.43,302
"2008-04-25",NA,NA,302
"2008-04-26",NA,NA,302
"2008-04-27",2.17,0.904,302
"2008-04-28",NA,NA,302
"2008-04-29",NA,NA,302
"2008-04-30",1.44,0.21,302
"2008-05-01",NA,NA,302
"2008-05-02",NA,NA,302
"2008-05-03",3.19,0.98,302
"2008-05-04",NA,NA,302
"2008-05-05",NA,NA,302
"2008-05-06",1.47,0.388,302
"2008-05-07",NA,NA,302
"2008-05-08",NA,NA,302
"2008-05-09",0.505,0.642,302
"2008-05-10",NA,NA,302
"2008-05-11",NA,NA,302
"2008-05-12",NA,NA,302
"2008-05-13",NA,NA,302
"2008-05-14",NA,NA,302
"2008-05-15",1.17,0.889,302
"2008-05-16",NA,NA,302
"2008-05-17",NA,NA,302
"2008-05-18",1.31,0.19,302
"2008-05-19",NA,NA,302
"2008-05-20",NA,NA,302
"2008-05-21",1.62,0.263,302
"2008-05-22",NA,NA,302
"2008-05-23",NA,NA,302
"2008-05-24",0.541,0.142,302
"2008-05-25",NA,NA,302
"2008-05-26",NA,NA,302
"2008-05-27",1.54,0.178,302
"2008-05-28",NA,NA,302
"2008-05-29",NA,NA,302
"2008-05-30",0.407,0.226,302
"2008-05-31",NA,NA,302
"2008-06-01",NA,NA,302
"2008-06-02",1.17,0.147,302
"2008-06-03",NA,NA,302
"2008-06-04",NA,NA,302
"2008-06-05",0.598,0.802,302
"2008-06-06",NA,NA,302
"2008-06-07",NA,NA,302
"2008-06-08",3.39,0.336,302
"2008-06-09",NA,NA,302
"2008-06-10",NA,NA,302
"2008-06-11",1.04,0.0995,302
"2008-06-12",NA,NA,302
"2008-06-13",NA,NA,302
"2008-06-14",4.34,1.1,302
"2008-06-15",NA,NA,302
"2008-06-16",NA,NA,302
"2008-06-17",1.3,0.285,302
"2008-06-18",NA,NA,302
"2008-06-19",NA,NA,302
"2008-06-20",1.91,0.468,302
"2008-06-21",NA,NA,302
"2008-06-22",NA,NA,302
"2008-06-23",4.21,0.569,302
"2008-06-24",NA,NA,302
"2008-06-25",NA,NA,302
"2008-06-26",NA,NA,302
"2008-06-27",NA,NA,302
"2008-06-28",NA,NA,302
"2008-06-29",4.12,0.277,302
"2008-06-30",NA,NA,302
"2008-07-01",NA,NA,302
"2008-07-02",1.25,0.221,302
"2008-07-03",NA,NA,302
"2008-07-04",NA,NA,302
"2008-07-05",0.722,0.231,302
"2008-07-06",NA,NA,302
"2008-07-07",NA,NA,302
"2008-07-08",0,0,302
"2008-07-09",NA,NA,302
"2008-07-10",NA,NA,302
"2008-07-11",NA,NA,302
"2008-07-12",NA,NA,302
"2008-07-13",NA,NA,302
"2008-07-14",1.15,0.213,302
"2008-07-15",NA,NA,302
"2008-07-16",NA,NA,302
"2008-07-17",0.0131,0.0312,302
"2008-07-18",NA,NA,302
"2008-07-19",NA,NA,302
"2008-07-20",2.62,0.35,302
"2008-07-21",NA,NA,302
"2008-07-22",NA,NA,302
"2008-07-23",1.2,0.156,302
"2008-07-24",NA,NA,302
"2008-07-25",NA,NA,302
"2008-07-26",3.86,0.182,302
"2008-07-27",NA,NA,302
"2008-07-28",NA,NA,302
"2008-07-29",0.625,0.047,302
"2008-07-30",NA,NA,302
"2008-07-31",NA,NA,302
"2008-08-01",1.28,0.108,302
"2008-08-02",NA,NA,302
"2008-08-03",NA,NA,302
"2008-08-04",1.27,0.282,302
"2008-08-05",NA,NA,302
"2008-08-06",NA,NA,302
"2008-08-07",0.592,0.124,302
"2008-08-08",NA,NA,302
"2008-08-09",NA,NA,302
"2008-08-10",0.862,0.0962,302
"2008-08-11",NA,NA,302
"2008-08-12",NA,NA,302
"2008-08-13",0.334,0.11,302
"2008-08-14",NA,NA,302
"2008-08-15",NA,NA,302
"2008-08-16",0.421,0.144,302
"2008-08-17",NA,NA,302
"2008-08-18",NA,NA,302
"2008-08-19",NA,NA,302
"2008-08-20",NA,NA,302
"2008-08-21",NA,NA,302
"2008-08-22",0.894,0.18,302
"2008-08-23",NA,NA,302
"2008-08-24",NA,NA,302
"2008-08-25",NA,0.0994,302
"2008-08-26",NA,NA,302
"2008-08-27",NA,NA,302
"2008-08-28",0.513,0.272,302
"2008-08-29",NA,NA,302
"2008-08-30",NA,NA,302
"2008-08-31",0.937,0.0697,302
"2008-09-01",NA,NA,302
"2008-09-02",NA,NA,302
"2008-09-03",1.75,0.309,302
"2008-09-04",NA,NA,302
"2008-09-05",NA,NA,302
"2008-09-06",2.34,0.335,302
"2008-09-07",NA,NA,302
"2008-09-08",NA,NA,302
"2008-09-09",2.51,0.302,302
"2008-09-10",NA,NA,302
"2008-09-11",NA,NA,302
"2008-09-12",1.74,0.616,302
"2008-09-13",NA,NA,302
"2008-09-14",NA,NA,302
"2008-09-15",1.1,0.133,302
"2008-09-16",NA,NA,302
"2008-09-17",NA,NA,302
"2008-09-18",NA,NA,302
"2008-09-19",NA,NA,302
"2008-09-20",NA,NA,302
"2008-09-21",NA,NA,302
"2008-09-22",NA,NA,302
"2008-09-23",NA,NA,302
"2008-09-24",NA,NA,302
"2008-09-25",NA,NA,302
"2008-09-26",NA,NA,302
"2008-09-27",0.465,0.255,302
"2008-09-28",NA,NA,302
"2008-09-29",NA,NA,302
"2008-09-30",2.37,0.823,302
"2008-10-01",NA,NA,302
"2008-10-02",NA,NA,302
"2008-10-03",0.52,0.0698,302
"2008-10-04",NA,NA,302
"2008-10-05",NA,NA,302
"2008-10-06",0.907,0.374,302
"2008-10-07",NA,NA,302
"2008-10-08",NA,NA,302
"2008-10-09",2.23,1.3,302
"2008-10-10",NA,NA,302
"2008-10-11",NA,NA,302
"2008-10-12",NA,NA,302
"2008-10-13",NA,NA,302
"2008-10-14",NA,NA,302
"2008-10-15",0.477,0.26,302
"2008-10-16",NA,NA,302
"2008-10-17",NA,NA,302
"2008-10-18",0.879,0.595,302
"2008-10-19",NA,NA,302
"2008-10-20",NA,NA,302
"2008-10-21",0.993,1.18,302
"2008-10-22",NA,NA,302
"2008-10-23",NA,NA,302
"2008-10-24",0.852,0.706,302
"2008-10-25",NA,NA,302
"2008-10-26",NA,NA,302
"2008-10-27",NA,NA,302
"2008-10-28",NA,NA,302
"2008-10-29",NA,NA,302
"2008-10-30",NA,NA,302
"2008-10-31",NA,NA,302
"2008-11-01",NA,NA,302
"2008-11-02",0.422,0.359,302
"2008-11-03",NA,NA,302
"2008-11-04",NA,NA,302
"2008-11-05",7.59,4.47,302
"2008-11-06",NA,NA,302
"2008-11-07",NA,NA,302
"2008-11-08",2.14,2.03,302
"2008-11-09",NA,NA,302
"2008-11-10",NA,NA,302
"2008-11-11",0.469,0.106,302
"2008-11-12",NA,NA,302
"2008-11-13",NA,NA,302
"2008-11-14",0.814,0.737,302
"2008-11-15",NA,NA,302
"2008-11-16",NA,NA,302
"2008-11-17",0.466,0.0918,302
"2008-11-18",NA,NA,302
"2008-11-19",NA,NA,302
"2008-11-20",NA,NA,302
"2008-11-21",NA,NA,302
"2008-11-22",NA,NA,302
"2008-11-23",0.493,0.179,302
"2008-11-24",NA,NA,302
"2008-11-25",NA,NA,302
"2008-11-26",2.1,2.14,302
"2008-11-27",NA,NA,302
"2008-11-28",NA,NA,302
"2008-11-29",NA,NA,302
"2008-11-30",NA,NA,302
"2008-12-01",NA,NA,302
"2008-12-02",NA,NA,302
"2008-12-03",NA,NA,302
"2008-12-04",NA,NA,302
"2008-12-05",0.651,0.411,302
"2008-12-06",NA,NA,302
"2008-12-07",NA,NA,302
"2008-12-08",0.433,0.395,302
"2008-12-09",NA,NA,302
"2008-12-10",NA,NA,302
"2008-12-11",3.4,4.37,302
"2008-12-12",NA,NA,302
"2008-12-13",NA,NA,302
"2008-12-14",NA,NA,302
"2008-12-15",NA,NA,302
"2008-12-16",NA,NA,302
"2008-12-17",NA,NA,302
"2008-12-18",NA,NA,302
"2008-12-19",NA,NA,302
"2008-12-20",1.18,1.51,302
"2008-12-21",NA,NA,302
"2008-12-22",NA,NA,302
"2008-12-23",1.12,1.19,302
"2008-12-24",NA,NA,302
"2008-12-25",NA,NA,302
"2008-12-26",1.99,0.985,302
"2008-12-27",NA,NA,302
"2008-12-28",NA,NA,302
"2008-12-29",NA,NA,302
"2008-12-30",NA,NA,302
"2008-12-31",NA,NA,302
"2009-01-01",NA,NA,302
"2009-01-02",NA,NA,302
"2009-01-03",NA,NA,302
"2009-01-04",NA,NA,302
"2009-01-05",NA,NA,302
"2009-01-06",NA,NA,302
"2009-01-07",0.963,1.54,302
"2009-01-08",NA,NA,302
"2009-01-09",0.88,1.86,302
"2009-01-10",NA,NA,302
"2009-01-11",NA,NA,302
"2009-01-12",NA,NA,302
"2009-01-13",3.77,2.62,302
"2009-01-14",NA,NA,302
"2009-01-15",NA,NA,302
"2009-01-16",1.66,2.27,302
"2009-01-17",NA,NA,302
"2009-01-18",NA,NA,302
"2009-01-19",1.69,4.24,302
"2009-01-20",NA,NA,302
"2009-01-21",NA,NA,302
"2009-01-22",3.08,3.56,302
"2009-01-23",NA,NA,302
"2009-01-24",NA,NA,302
"2009-01-25",1.46,1.43,302
"2009-01-26",NA,NA,302
"2009-01-27",NA,NA,302
"2009-01-28",1.52,1.64,302
"2009-01-29",NA,NA,302
"2009-01-30",NA,NA,302
"2009-01-31",1.36,1.08,302
"2009-02-01",NA,NA,302
"2009-02-02",NA,NA,302
"2009-02-03",1.39,2.5,302
"2009-02-04",NA,NA,302
"2009-02-05",NA,NA,302
"2009-02-06",NA,NA,302
"2009-02-07",NA,NA,302
"2009-02-08",NA,NA,302
"2009-02-09",NA,NA,302
"2009-02-10",NA,NA,302
"2009-02-11",NA,NA,302
"2009-02-12",1.88,2.56,302
"2009-02-13",NA,NA,302
"2009-02-14",NA,NA,302
"2009-02-15",0.338,0.745,302
"2009-02-16",NA,NA,302
"2009-02-17",NA,NA,302
"2009-02-18",0.744,1.46,302
"2009-02-19",NA,NA,302
"2009-02-20",NA,NA,302
"2009-02-21",0.831,0.324,302
"2009-02-22",NA,NA,302
"2009-02-23",NA,NA,302
"2009-02-24",NA,NA,302
"2009-02-25",NA,NA,302
"2009-02-26",NA,NA,302
"2009-02-27",3.05,3.45,302
"2009-02-28",NA,NA,302
"2009-03-01",NA,NA,302
"2009-03-02",0.884,1.35,302
"2009-03-03",NA,NA,302
"2009-03-04",NA,NA,302
"2009-03-05",1.38,1.7,302
"2009-03-06",NA,NA,302
"2009-03-07",NA,NA,302
"2009-03-08",2.23,1.16,302
"2009-03-09",NA,NA,302
"2009-03-10",NA,NA,302
"2009-03-11",NA,NA,302
"2009-03-12",NA,NA,302
"2009-03-13",NA,NA,302
"2009-03-14",1.45,2.4,302
"2009-03-15",NA,NA,302
"2009-03-16",NA,NA,302
"2009-03-17",3.13,4.55,302
"2009-03-18",NA,NA,302
"2009-03-19",NA,NA,302
"2009-03-20",0.987,0.869,302
"2009-03-21",NA,NA,302
"2009-03-22",NA,NA,302
"2009-03-23",0.947,0.316,302
"2009-03-24",NA,NA,302
"2009-03-25",NA,NA,302
"2009-03-26",1.59,2.31,302
"2009-03-27",NA,NA,302
"2009-03-28",NA,NA,302
"2009-03-29",1.16,0.937,302
"2009-03-30",NA,NA,302
"2009-03-31",NA,NA,302
"2009-04-01",1.31,1.08,302
"2009-04-02",NA,NA,302
"2009-04-03",NA,NA,302
"2009-04-04",NA,NA,302
"2009-04-05",NA,NA,302
"2009-04-06",NA,NA,302
"2009-04-07",NA,NA,302
"2009-04-08",NA,NA,302
"2009-04-09",NA,NA,302
"2009-04-10",1.57,0.688,302
"2009-04-11",NA,NA,302
"2009-04-12",NA,NA,302
"2009-04-13",NA,NA,302
"2009-04-14",NA,NA,302
"2009-04-15",NA,NA,302
"2009-04-16",1.52,0.756,302
"2009-04-17",NA,NA,302
"2009-04-18",NA,NA,302
"2009-04-19",1.37,0.56,302
"2009-04-20",NA,NA,302
"2009-04-21",NA,NA,302
"2009-04-22",1.98,0.978,302
"2009-04-23",NA,NA,302
"2009-04-24",3.63,0.531,302
"2009-04-25",NA,NA,302
"2009-04-26",NA,NA,302
"2009-04-27",NA,NA,302
"2009-04-28",2.52,0.416,302
"2009-04-29",NA,NA,302
"2009-04-30",NA,NA,302
"2009-05-01",NA,NA,302
"2009-05-02",NA,NA,302
"2009-05-03",NA,NA,302
"2009-05-04",2.06,0.418,302
"2009-05-05",NA,NA,302
"2009-05-06",NA,NA,302
"2009-05-07",0.513,0.415,302
"2009-05-08",NA,NA,302
"2009-05-09",NA,NA,302
"2009-05-10",NA,NA,302
"2009-05-11",NA,NA,302
"2009-05-12",NA,NA,302
"2009-05-13",2.2,0.435,302
"2009-05-14",NA,NA,302
"2009-05-15",NA,NA,302
"2009-05-16",1.26,0.335,302
"2009-05-17",NA,NA,302
"2009-05-18",NA,NA,302
"2009-05-19",1.09,0.191,302
"2009-05-20",NA,NA,302
"2009-05-21",NA,NA,302
"2009-05-22",1.71,0.207,302
"2009-05-23",NA,NA,302
"2009-05-24",NA,NA,302
"2009-05-25",0.897,0.193,302
"2009-05-26",NA,NA,302
"2009-05-27",NA,NA,302
"2009-05-28",NA,NA,302
"2009-05-29",NA,NA,302
"2009-05-30",NA,NA,302
"2009-05-31",0.702,0.0988,302
"2009-06-01",NA,NA,302
"2009-06-02",NA,NA,302
"2009-06-03",0.682,0.202,302
"2009-06-04",NA,NA,302
"2009-06-05",NA,NA,302
"2009-06-06",1.72,0.283,302
"2009-06-07",NA,NA,302
"2009-06-08",NA,NA,302
"2009-06-09",1.29,0.349,302
"2009-06-10",NA,NA,302
"2009-06-11",NA,NA,302
"2009-06-12",1.2,0.419,302
"2009-06-13",NA,NA,302
"2009-06-14",NA,NA,302
"2009-06-15",0.526,0.159,302
"2009-06-16",NA,NA,302
"2009-06-17",NA,NA,302
"2009-06-18",0.567,0.321,302
"2009-06-19",NA,NA,302
"2009-06-20",NA,NA,302
"2009-06-21",0.649,0.572,302
"2009-06-22",NA,NA,302
"2009-06-23",NA,NA,302
"2009-06-24",0.591,0.477,302
"2009-06-25",NA,NA,302
"2009-06-26",NA,NA,302
"2009-06-27",2.23,0.603,302
"2009-06-28",NA,NA,302
"2009-06-29",NA,NA,302
"2009-06-30",1.86,0.238,302
"2009-07-01",NA,NA,302
"2009-07-02",NA,NA,302
"2009-07-03",0.785,0.168,302
"2009-07-04",NA,NA,302
"2009-07-05",NA,NA,302
"2009-07-06",0.655,0.197,302
"2009-07-07",NA,NA,302
"2009-07-08",NA,NA,302
"2009-07-09",0.547,0.188,302
"2009-07-10",NA,NA,302
"2009-07-11",NA,NA,302
"2009-07-12",0.767,0.099,302
"2009-07-13",NA,NA,302
"2009-07-14",NA,NA,302
"2009-07-15",NA,NA,302
"2009-07-16",NA,NA,302
"2009-07-17",NA,NA,302
"2009-07-18",NA,NA,302
"2009-07-19",NA,NA,302
"2009-07-20",NA,NA,302
"2009-07-21",NA,NA,302
"2009-07-22",NA,NA,302
"2009-07-23",NA,NA,302
"2009-07-24",NA,NA,302
"2009-07-25",NA,NA,302
"2009-07-26",NA,NA,302
"2009-07-27",3.34,0.224,302
"2009-07-28",NA,NA,302
"2009-07-29",NA,NA,302
"2009-07-30",1.55,0.203,302
"2009-07-31",NA,NA,302
"2009-08-01",NA,NA,302
"2009-08-02",2.6,0.226,302
"2009-08-03",NA,NA,302
"2009-08-04",NA,NA,302
"2009-08-05",NA,NA,302
"2009-08-06",NA,NA,302
"2009-08-07",NA,NA,302
"2009-08-08",NA,NA,302
"2009-08-09",NA,NA,302
"2009-08-10",NA,NA,302
"2009-08-11",0.898,0.191,302
"2009-08-12",NA,NA,302
"2009-08-13",NA,NA,302
"2009-08-14",0.945,0.235,302
"2009-08-15",NA,NA,302
"2009-08-16",NA,NA,302
"2009-08-17",11.8,0.211,302
"2009-08-18",NA,NA,302
"2009-08-19",NA,NA,302
"2009-08-20",2.94,0.191,302
"2009-08-21",NA,NA,302
"2009-08-22",NA,NA,302
"2009-08-23",4.68,0.567,302
"2009-08-24",NA,NA,302
"2009-08-25",NA,NA,302
"2009-08-26",1.64,0.187,302
"2009-08-27",NA,NA,302
"2009-08-28",NA,NA,302
"2009-08-29",NA,NA,302
"2009-08-30",NA,NA,302
"2009-08-31",NA,NA,302
"2009-09-01",0.481,0.173,302
"2009-09-02",NA,NA,302
"2009-09-03",NA,NA,302
"2009-09-04",1.25,0.33,302
"2009-09-05",NA,NA,302
"2009-09-06",NA,NA,302
"2009-09-07",1.31,0.315,302
"2009-09-08",NA,NA,302
"2009-09-09",NA,NA,302
"2009-09-10",NA,NA,302
"2009-09-11",NA,NA,302
"2009-09-12",NA,NA,302
"2009-09-13",0.698,0.239,302
"2009-09-14",NA,NA,302
"2009-09-15",NA,NA,302
"2009-09-16",0.463,0.206,302
"2009-09-17",NA,NA,302
"2009-09-18",0.261,0.159,302
"2009-09-19",NA,NA,302
"2009-09-20",NA,NA,302
"2009-09-21",NA,NA,302
"2009-09-22",2.63,0.622,302
"2009-09-23",NA,NA,302
"2009-09-24",NA,NA,302
"2009-09-25",0.557,0.141,302
"2009-09-26",NA,NA,302
"2009-09-27",NA,NA,302
"2009-09-28",2.07,0.312,302
"2009-09-29",NA,NA,302
"2009-09-30",NA,NA,302
"2009-10-01",NA,NA,302
"2009-10-02",NA,NA,302
"2009-10-03",NA,NA,302
"2009-10-04",1.74,0.834,302
"2009-10-05",NA,NA,302
"2009-10-06",NA,NA,302
"2009-10-07",0.52,0.108,302
"2009-10-08",NA,NA,302
"2009-10-09",NA,NA,302
"2009-10-10",0.521,0.449,302
"2009-10-11",NA,NA,302
"2009-10-12",NA,NA,302
"2009-10-13",0.521,0.346,302
"2009-10-14",NA,NA,302
"2009-10-15",NA,NA,302
"2009-10-16",NA,NA,302
"2009-10-17",NA,NA,302
"2009-10-18",NA,NA,302
"2009-10-19",0.529,0.746,302
"2009-10-20",NA,NA,302
"2009-10-21",NA,NA,302
"2009-10-22",1.67,2.11,302
"2009-10-23",NA,NA,302
"2009-10-24",NA,NA,302
"2009-10-25",0.668,0.0916,302
"2009-10-26",NA,NA,302
"2009-10-27",NA,NA,302
"2009-10-28",0.965,0.956,302
"2009-10-29",NA,NA,302
"2009-10-30",NA,NA,302
"2009-10-31",1.72,0.193,302
"2009-11-01",NA,NA,302
"2009-11-02",NA,NA,302
"2009-11-03",0.66,0.368,302
"2009-11-04",NA,NA,302
"2009-11-05",NA,NA,302
"2009-11-06",1.09,1.34,302
"2009-11-07",NA,NA,302
"2009-11-08",NA,NA,302
"2009-11-09",2.81,0.938,302
"2009-11-10",NA,NA,302
"2009-11-11",NA,NA,302
"2009-11-12",0.536,1.37,302
"2009-11-13",NA,NA,302
"2009-11-14",NA,NA,302
"2009-11-15",0.894,1.02,302
"2009-11-16",NA,NA,302
"2009-11-17",NA,NA,302
"2009-11-18",NA,NA,302
"2009-11-19",NA,NA,302
"2009-11-20",NA,NA,302
"2009-11-21",3.04,0.315,302
"2009-11-22",NA,NA,302
"2009-11-23",NA,NA,302
"2009-11-24",1.36,0.747,302
"2009-11-25",NA,NA,302
"2009-11-26",NA,NA,302
"2009-11-27",1.33,1.01,302
"2009-11-28",NA,NA,302
"2009-11-29",NA,NA,302
"2009-11-30",1.46,0.684,302
"2009-12-01",NA,NA,302
"2009-12-02",NA,NA,302
"2009-12-03",NA,NA,302
"2009-12-04",NA,NA,302
"2009-12-05",NA,NA,302
"2009-12-06",NA,NA,302
"2009-12-07",NA,NA,302
"2009-12-08",NA,NA,302
"2009-12-09",0.436,0.355,302
"2009-12-10",NA,NA,302
"2009-12-11",NA,NA,302
"2009-12-12",1.04,0.521,302
"2009-12-13",NA,NA,302
"2009-12-14",NA,NA,302
"2009-12-15",2.07,3.11,302
"2009-12-16",NA,NA,302
"2009-12-17",NA,NA,302
"2009-12-18",NA,NA,302
"2009-12-19",NA,NA,302
"2009-12-20",NA,NA,302
"2009-12-21",0.509,0.197,302
"2009-12-22",NA,NA,302
"2009-12-23",NA,NA,302
"2009-12-24",0.921,1.64,302
"2009-12-25",NA,NA,302
"2009-12-26",NA,NA,302
"2009-12-27",0.788,0.658,302
"2009-12-28",NA,NA,302
"2009-12-29",NA,NA,302
"2009-12-30",0.501,0.84,302
"2009-12-31",NA,NA,302
"2010-01-01",NA,NA,302
"2010-01-02",1.64,2.93,302
"2010-01-03",NA,NA,302
"2010-01-04",NA,NA,302
"2010-01-05",0.389,0.643,302
"2010-01-06",NA,NA,302
"2010-01-07",NA,NA,302
"2010-01-08",0.375,0.666,302
"2010-01-09",NA,NA,302
"2010-01-10",NA,NA,302
"2010-01-11",NA,NA,302
"2010-01-12",NA,NA,302
"2010-01-13",NA,NA,302
"2010-01-14",3,4.61,302
"2010-01-15",NA,NA,302
"2010-01-16",NA,NA,302
"2010-01-17",4.51,2.43,302
"2010-01-18",NA,NA,302
"2010-01-19",NA,NA,302
"2010-01-20",3.52,8.73,302
"2010-01-21",NA,NA,302
"2010-01-22",NA,NA,302
"2010-01-23",1.09,2.79,302
"2010-01-24",NA,NA,302
"2010-01-25",NA,NA,302
"2010-01-26",1.58,0.352,302
"2010-01-27",NA,NA,302
"2010-01-28",NA,NA,302
"2010-01-29",NA,NA,302
"2010-01-30",NA,NA,302
"2010-01-31",NA,NA,302
"2010-02-01",1.15,0.439,302
"2010-02-02",NA,NA,302
"2010-02-03",NA,NA,302
"2010-02-04",0.792,0.441,302
"2010-02-05",NA,NA,302
"2010-02-06",NA,NA,302
"2010-02-07",NA,NA,302
"2010-02-08",NA,NA,302
"2010-02-09",NA,NA,302
"2010-02-10",0.856,2.85,302
"2010-02-11",NA,NA,302
"2010-02-12",NA,NA,302
"2010-02-13",0.578,0.606,302
"2010-02-14",NA,NA,302
"2010-02-15",NA,NA,302
"2010-02-16",NA,NA,302
"2010-02-17",NA,NA,302
"2010-02-18",NA,NA,302
"2010-02-19",0.218,0.117,302
"2010-02-20",NA,NA,302
"2010-02-21",NA,NA,302
"2010-02-22",NA,NA,302
"2010-02-23",NA,NA,302
"2010-02-24",NA,NA,302
"2010-02-25",NA,0.967,302
"2010-02-26",NA,NA,302
"2010-02-27",NA,NA,302
"2010-02-28",1.84,1.71,302
"2010-03-01",NA,NA,302
"2010-03-02",NA,NA,302
"2010-03-03",1.03,2.32,302
"2010-03-04",NA,NA,302
"2010-03-05",NA,NA,302
"2010-03-06",0.744,0.815,302
"2010-03-07",NA,NA,302
"2010-03-08",NA,NA,302
"2010-03-09",0.245,0.316,302
"2010-03-10",NA,NA,302
"2010-03-11",NA,NA,302
"2010-03-12",NA,NA,302
"2010-03-13",NA,NA,302
"2010-03-14",NA,NA,302
"2010-03-15",0.535,0.263,302
"2010-03-16",NA,NA,302
"2010-03-17",NA,NA,302
"2010-03-18",1.49,0.302,302
"2010-03-19",NA,NA,302
"2010-03-20",NA,NA,302
"2010-03-21",0.939,1.29,302
"2010-03-22",NA,NA,302
"2010-03-23",NA,NA,302
"2010-03-24",0.96,0.156,302
"2010-03-25",NA,NA,302
"2010-03-26",NA,NA,302
"2010-03-27",1.05,0.576,302
"2010-03-28",NA,NA,302
"2010-03-29",NA,NA,302
"2010-03-30",1.48,1.35,302
"2010-03-31",NA,NA,302
"2010-04-01",NA,NA,302
"2010-04-02",2.21,0.387,302
"2010-04-03",NA,NA,302
"2010-04-04",NA,NA,302
"2010-04-05",NA,NA,302
"2010-04-06",NA,NA,302
"2010-04-07",NA,NA,302
"2010-04-08",1.08,0.779,302
"2010-04-09",NA,NA,302
"2010-04-10",NA,NA,302
"2010-04-11",1.44,0.793,302
"2010-04-12",NA,NA,302
"2010-04-13",NA,NA,302
"2010-04-14",0.904,0.4,302
"2010-04-15",NA,NA,302
"2010-04-16",NA,NA,302
"2010-04-17",NA,NA,302
"2010-04-18",NA,NA,302
"2010-04-19",NA,NA,302
"2010-04-20",0.888,0.374,302
"2010-04-21",NA,NA,302
"2010-04-22",NA,NA,302
"2010-04-23",NA,NA,302
"2010-04-24",NA,NA,302
"2010-04-25",NA,NA,302
"2010-04-26",NA,NA,302
"2010-04-27",NA,NA,302
"2010-04-28",NA,NA,302
"2010-04-29",0.626,0.143,302
"2010-04-30",NA,NA,302
"2010-05-01",NA,NA,302
"2010-05-02",3.56,0.487,302
"2010-05-03",NA,NA,302
"2010-05-04",NA,NA,302
"2010-05-05",1.48,0.197,302
"2010-05-06",NA,NA,302
"2010-05-07",NA,NA,302
"2010-05-08",0.51,0.259,302
"2010-05-09",NA,NA,302
"2010-05-10",NA,NA,302
"2010-05-11",NA,NA,302
"2010-05-12",NA,NA,302
"2010-05-13",NA,NA,302
"2010-05-14",NA,NA,302
"2010-05-15",NA,NA,302
"2010-05-16",NA,NA,302
"2010-05-17",NA,NA,302
"2010-05-18",NA,NA,302
"2010-05-19",NA,NA,302
"2010-05-20",NA,NA,302
"2010-05-21",NA,NA,302
"2010-05-22",NA,NA,302
"2010-05-23",NA,NA,302
"2010-05-24",NA,NA,302
"2010-05-25",NA,NA,302
"2010-05-26",NA,NA,302
"2010-05-27",NA,NA,302
"2010-05-28",NA,NA,302
"2010-05-29",NA,NA,302
"2010-05-30",NA,NA,302
"2010-05-31",NA,NA,302
"2010-06-01",NA,NA,302
"2010-06-02",NA,NA,302
"2010-06-03",NA,NA,302
"2010-06-04",NA,NA,302
"2010-06-05",NA,NA,302
"2010-06-06",NA,NA,302
"2010-06-07",NA,NA,302
"2010-06-08",NA,NA,302
"2010-06-09",NA,NA,302
"2010-06-10",NA,NA,302
"2010-06-11",NA,NA,302
"2010-06-12",NA,NA,302
"2010-06-13",NA,NA,302
"2010-06-14",NA,NA,302
"2010-06-15",NA,NA,302
"2010-06-16",NA,NA,302
"2010-06-17",NA,NA,302
"2010-06-18",NA,NA,302
"2010-06-19",NA,NA,302
"2010-06-20",NA,NA,302
"2010-06-21",NA,NA,302
"2010-06-22",NA,NA,302
"2010-06-23",NA,NA,302
"2010-06-24",NA,NA,302
"2010-06-25",NA,NA,302
"2010-06-26",NA,NA,302
"2010-06-27",NA,NA,302
"2010-06-28",NA,NA,302
"2010-06-29",NA,NA,302
"2010-06-30",NA,NA,302
"2010-07-01",NA,NA,302
"2010-07-02",NA,NA,302
"2010-07-03",NA,NA,302
"2010-07-04",NA,NA,302
"2010-07-05",NA,NA,302
"2010-07-06",NA,NA,302
"2010-07-07",NA,NA,302
"2010-07-08",NA,NA,302
"2010-07-09",NA,NA,302
"2010-07-10",NA,NA,302
"2010-07-11",NA,NA,302
"2010-07-12",NA,NA,302
"2010-07-13",NA,NA,302
"2010-07-14",NA,NA,302
"2010-07-15",NA,NA,302
"2010-07-16",NA,NA,302
"2010-07-17",NA,NA,302
"2010-07-18",NA,NA,302
"2010-07-19",NA,NA,302
"2010-07-20",NA,NA,302
"2010-07-21",NA,NA,302
"2010-07-22",NA,NA,302
"2010-07-23",NA,NA,302
"2010-07-24",NA,NA,302
"2010-07-25",NA,NA,302
"2010-07-26",NA,NA,302
"2010-07-27",NA,NA,302
"2010-07-28",NA,NA,302
"2010-07-29",NA,NA,302
"2010-07-30",NA,NA,302
"2010-07-31",NA,NA,302
"2010-08-01",NA,NA,302
"2010-08-02",NA,NA,302
"2010-08-03",NA,NA,302
"2010-08-04",NA,NA,302
"2010-08-05",NA,NA,302
"2010-08-06",NA,NA,302
"2010-08-07",NA,NA,302
"2010-08-08",NA,NA,302
"2010-08-09",NA,NA,302
"2010-08-10",NA,NA,302
"2010-08-11",NA,NA,302
"2010-08-12",NA,NA,302
"2010-08-13",NA,NA,302
"2010-08-14",NA,NA,302
"2010-08-15",NA,NA,302
"2010-08-16",NA,NA,302
"2010-08-17",NA,NA,302
"2010-08-18",NA,NA,302
"2010-08-19",NA,NA,302
"2010-08-20",NA,NA,302
"2010-08-21",NA,NA,302
"2010-08-22",NA,NA,302
"2010-08-23",NA,NA,302
"2010-08-24",NA,NA,302
"2010-08-25",NA,NA,302
"2010-08-26",NA,NA,302
"2010-08-27",NA,NA,302
"2010-08-28",NA,NA,302
"2010-08-29",NA,NA,302
"2010-08-30",NA,NA,302
"2010-08-31",NA,NA,302
"2010-09-01",NA,NA,302
"2010-09-02",NA,NA,302
"2010-09-03",NA,NA,302
"2010-09-04",NA,NA,302
"2010-09-05",NA,NA,302
"2010-09-06",NA,NA,302
"2010-09-07",NA,NA,302
"2010-09-08",NA,NA,302
"2010-09-09",NA,NA,302
"2010-09-10",NA,NA,302
"2010-09-11",NA,NA,302
"2010-09-12",NA,NA,302
"2010-09-13",NA,NA,302
"2010-09-14",NA,NA,302
"2010-09-15",NA,NA,302
"2010-09-16",NA,NA,302
"2010-09-17",NA,NA,302
"2010-09-18",NA,NA,302
"2010-09-19",NA,NA,302
"2010-09-20",NA,NA,302
"2010-09-21",NA,NA,302
"2010-09-22",NA,NA,302
"2010-09-23",NA,NA,302
"2010-09-24",NA,NA,302
"2010-09-25",NA,NA,302
"2010-09-26",NA,NA,302
"2010-09-27",NA,NA,302
"2010-09-28",NA,NA,302
"2010-09-29",NA,NA,302
"2010-09-30",NA,NA,302
"2010-10-01",NA,NA,302
"2010-10-02",NA,NA,302
"2010-10-03",NA,NA,302
"2010-10-04",NA,NA,302
"2010-10-05",NA,NA,302
"2010-10-06",NA,NA,302
"2010-10-07",NA,NA,302
"2010-10-08",NA,NA,302
"2010-10-09",NA,NA,302
"2010-10-10",NA,NA,302
"2010-10-11",NA,NA,302
"2010-10-12",NA,NA,302
"2010-10-13",NA,NA,302
"2010-10-14",NA,NA,302
"2010-10-15",NA,NA,302
"2010-10-16",NA,NA,302
"2010-10-17",NA,NA,302
"2010-10-18",NA,NA,302
"2010-10-19",NA,NA,302
"2010-10-20",NA,NA,302
"2010-10-21",NA,NA,302
"2010-10-22",NA,NA,302
"2010-10-23",NA,NA,302
"2010-10-24",NA,NA,302
"2010-10-25",NA,NA,302
"2010-10-26",NA,NA,302
"2010-10-27",NA,NA,302
"2010-10-28",NA,NA,302
"2010-10-29",NA,NA,302
"2010-10-30",NA,NA,302
"2010-10-31",NA,NA,302
"2010-11-01",NA,NA,302
"2010-11-02",NA,NA,302
"2010-11-03",NA,NA,302
"2010-11-04",NA,NA,302
"2010-11-05",NA,NA,302
"2010-11-06",NA,NA,302
"2010-11-07",NA,NA,302
"2010-11-08",NA,NA,302
"2010-11-09",NA,NA,302
"2010-11-10",NA,NA,302
"2010-11-11",NA,NA,302
"2010-11-12",NA,NA,302
"2010-11-13",NA,NA,302
"2010-11-14",NA,NA,302
"2010-11-15",NA,NA,302
"2010-11-16",NA,NA,302
"2010-11-17",NA,NA,302
"2010-11-18",NA,NA,302
"2010-11-19",NA,NA,302
"2010-11-20",NA,NA,302
"2010-11-21",NA,NA,302
"2010-11-22",NA,NA,302
"2010-11-23",NA,NA,302
"2010-11-24",NA,NA,302
"2010-11-25",NA,NA,302
"2010-11-26",NA,NA,302
"2010-11-27",NA,NA,302
"2010-11-28",NA,NA,302
"2010-11-29",NA,NA,302
"2010-11-30",NA,NA,302
"2010-12-01",NA,NA,302
"2010-12-02",NA,NA,302
"2010-12-03",NA,NA,302
"2010-12-04",NA,NA,302
"2010-12-05",NA,NA,302
"2010-12-06",NA,NA,302
"2010-12-07",NA,NA,302
"2010-12-08",NA,NA,302
"2010-12-09",NA,NA,302
"2010-12-10",NA,NA,302
"2010-12-11",NA,NA,302
"2010-12-12",NA,NA,302
"2010-12-13",NA,NA,302
"2010-12-14",NA,NA,302
"2010-12-15",NA,NA,302
"2010-12-16",NA,NA,302
"2010-12-17",NA,NA,302
"2010-12-18",NA,NA,302
"2010-12-19",NA,NA,302
"2010-12-20",NA,NA,302
"2010-12-21",NA,NA,302
"2010-12-22",NA,NA,302
"2010-12-23",NA,NA,302
"2010-12-24",NA,NA,302
"2010-12-25",NA,NA,302
"2010-12-26",NA,NA,302
"2010-12-27",NA,NA,302
"2010-12-28",NA,NA,302
"2010-12-29",NA,NA,302
"2010-12-30",NA,NA,302
"2010-12-31",NA,NA,302
